Customer_ID,Age,Income,Destination,Travel_Type,Enquiry_Date,Budget,Status
TE10001,22.0,198504.0,Ladakh,Family,2025-03-08,10000,Contacted
TE10002,55.0,173870.0,Kerala,Family,2025-05-14,73958,Converted
TE10003,49.0,233745.0,Manali,Leisure,2025-09-15,81840,New
TE10004,39.0,240857.0,Bali,Leisure,2025-01-20,37425,Contacted
TE10005,38.0,181538.0,Goa,Family,2025-11-28,137963,Contacted
TE10006,59.0,104052.0,Bali,Family,2025-03-04,64194,Converted
TE10007,22.0,156984.0,Kerala,Family,2025-10-14,76688,Closed
TE10008,51.0,116619.0,Goa,Leisure,2025-08-13,64272,Converted
TE10009,27.0,163951.0,Goa,Family,2025-11-05,82145,Contacted
TE10010,22.0,206413.0,Bali,Leisure,2025-10-10,130785,Contacted
TE10011,43.0,103685.0,Dubai,Leisure,2025-07-07,171556,Contacted
TE10012,64.0,135337.0,Thailand,Family,2025-10-03,111097,Contacted
TE10013,53.0,28587.0,Bali,Honeymoon,2025-05-07,123080,New
TE10014,54.0,188885.0,Bali,Honeymoon,2025-08-01,145075,Converted
TE10015,52.0,131646.0,Dubai,Business,2025-11-30,93710,Converted
TE10016,55.0,124653.0,Bali,Business,2025-01-31,139959,Contacted
TE10017,42.0,141524.0,Kashmir,Adventure,2025-05-10,112734,Closed
TE10018,24.0,67995.0,Goa,Honeymoon,2025-01-07,90040,Converted
TE10019,58.0,156729.0,Dubai,Leisure,2025-07-14,97262,Contacted
TE10020,39.0,190888.0,Manali,Business,2025-10-12,21250,New
TE10021,42.0,99125.0,Paris,Adventure,2025-01-15,95224,New
TE10022,35.0,48428.0,Bali,Honeymoon,2025-07-19,30969,Contacted
TE10023,26.0,107746.0,Jaipur,Business,2025-06-01,28116,Contacted
TE10024,62.0,64071.0,Kerala,Honeymoon,2025-10-12,91751,New
TE10025,55.0,104754.0,Dubai,Business,2025-03-22,46007,New
TE10026,48.0,163424.0,Manali,Leisure,2025-03-01,84751,New
TE10027,37.0,44307.0,Dubai,Leisure,2025-02-04,89845,Converted
TE10028,57.0,191367.0,Thailand,Honeymoon,2025-05-29,91407,Converted
TE10029,44.0,70110.0,Kerala,Family,2025-06-27,53356,Contacted
TE10030,39.0,225568.0,Paris,Leisure,2025-12-01,116454,New
TE10031,39.0,187927.0,Ladakh,Honeymoon,2025-06-19,81877,New
TE10032,28.0,81240.0,Goa,Leisure,2025-03-04,100438,New
TE10033,22.0,148669.0,Manali,Business,2025-09-12,43125,Contacted
TE10034,44.0,43688.0,Manali,Leisure,2025-01-23,78759,New
TE10035,60.0,41139.0,London,Family,2025-05-06,123405,New
TE10036,21.0,239803.0,Bali,Business,2025-08-26,118956,Closed
TE10037,59.0,204164.0,Kerala,Family,2025-04-03,57095,Contacted
TE10038,57.0,53826.0,Goa,Honeymoon,2025-08-05,65905,Converted
TE10039,31.0,83584.0,Manali,Honeymoon,2025-06-15,50396,New
TE10040,48.0,63858.0,Singapore,Business,2025-12-13,62026,New
TE10041,25.0,109677.0,Paris,Family,2025-04-15,36033,Closed
TE10042,54.0,85588.0,Kashmir,Business,2025-11-26,80164,Contacted
TE10043,51.0,94110.0,Bali,Family,2025-08-16,107160,Contacted
TE10044,35.0,140819.0,Jaipur,Business,2025-09-30,57523,Closed
TE10045,21.0,61860.0,Bali,Honeymoon,2025-03-03,81829,Contacted
TE10046,64.0,222816.0,London,Leisure,2025-01-07,77283,New
TE10047,39.0,186815.0,Jaipur,Honeymoon,2025-09-23,121929,Contacted
TE10048,60.0,194447.0,Singapore,Business,2025-06-24,63594,New
TE10049,50.0,57318.0,Kashmir,Leisure,2025-04-23,64867,New
TE10050,55.0,182293.0,Manali,Business,2025-11-23,55389,New
TE10051,54.0,212009.0,Thailand,Leisure,2025-04-29,45187,Closed
TE10052,27.0,58642.0,Goa,Business,2025-06-07,103521,Converted
TE10053,35.0,192297.0,Singapore,Honeymoon,2025-09-21,80271,New
TE10054,40.0,100982.0,Ladakh,Leisure,2025-12-17,86918,New
TE10055,41.0,200719.0,Kerala,Honeymoon,2025-11-24,129612,Converted
TE10056,20.0,128990.0,Jaipur,Leisure,2025-08-26,131623,Closed
TE10057,44.0,204113.0,Kerala,Family,2025-02-10,27382,New
TE10058,25.0,52202.0,Manali,Business,2025-02-09,107674,New
TE10059,53.0,108266.0,Manali,Adventure,2025-09-10,92898,Closed
TE10060,50.0,81435.0,Dubai,Leisure,2025-07-05,68844,Closed
TE10061,62.0,75620.0,Kerala,Family,2025-02-18,96469,Closed
TE10062,53.0,89533.0,Jaipur,Adventure,2025-09-11,24577,New
TE10063,35.0,106725.0,Manali,Leisure,2025-12-09,136192,New
TE10064,64.0,47528.0,Thailand,Family,2025-01-24,103023,Contacted
TE10065,37.0,182043.0,Paris,Adventure,2025-10-28,54718,New
TE10066,33.0,145656.0,Jaipur,Leisure,2025-05-06,64511,Closed
TE10067,61.0,210391.0,Paris,Adventure,2025-05-25,25390,New
TE10068,35.0,181567.0,Manali,Leisure,2025-09-19,74011,Contacted
TE10069,21.0,52578.0,Bali,Business,2025-03-31,68104,Closed
TE10070,40.0,34224.0,Jaipur,Business,2025-02-27,38621,Closed
TE10071,56.0,116092.0,Goa,Adventure,2025-12-17,112185,Converted
TE10072,27.0,129621.0,Kashmir,Business,2025-05-07,129688,Closed
TE10073,40.0,73738.0,Ladakh,Family,2025-03-03,84042,New
TE10074,24.0,,Bali,Business,2025-09-09,74302,Contacted
TE10075,50.0,152927.0,Thailand,Leisure,2025-03-20,100224,New
TE10076,40.0,191534.0,Thailand,Adventure,2025-10-10,84313,Closed
TE10077,33.0,43290.0,Dubai,Honeymoon,2025-01-26,47124,Closed
TE10078,28.0,207097.0,Kerala,Adventure,2025-07-08,62156,New
TE10079,45.0,65813.0,Kerala,Business,2025-05-27,74625,New
TE10080,50.0,121992.0,Dubai,Family,2025-12-15,93687,Contacted
TE10081,63.0,119934.0,Manali,Family,2025-12-03,85327,New
TE10082,38.0,208370.0,Goa,Family,2025-04-01,92363,Converted
TE10083,25.0,82228.0,Singapore,Honeymoon,2025-06-22,31631,New
TE10084,57.0,73854.0,Ladakh,Leisure,2025-10-24,108283,Converted
TE10085,48.0,96794.0,Bali,Honeymoon,2025-02-28,85120,Contacted
TE10086,51.0,101708.0,Dubai,Honeymoon,2025-12-04,174345,Contacted
TE10087,22.0,60151.0,Manali,Business,2025-10-09,71433,New
TE10088,32.0,58914.0,Jaipur,Business,2025-09-04,96321,Closed
TE10089,54.0,71670.0,Kerala,Honeymoon,2025-03-30,184023,Contacted
TE10090,57.0,126456.0,Kashmir,Family,2025-10-25,91793,Contacted
TE10091,38.0,97658.0,Thailand,Family,2025-11-03,82633,Contacted
TE10092,56.0,108958.0,Kashmir,Adventure,2025-04-17,50458,Closed
TE10093,58.0,184821.0,Thailand,Business,2025-08-02,138489,Converted
TE10094,36.0,73895.0,Kashmir,Adventure,2025-01-23,44431,Converted
TE10095,61.0,229095.0,Jaipur,Family,2025-05-24,99949,Contacted
TE10096,31.0,192413.0,Goa,Leisure,2025-02-24,68426,Closed
TE10097,29.0,58527.0,Goa,Adventure,2025-07-22,78373,New
TE10098,50.0,90812.0,Paris,Adventure,2025-07-19,35162,Converted
TE10099,48.0,60584.0,Manali,Family,2025-07-13,132009,Contacted
TE10100,24.0,81290.0,Manali,Family,2025-09-04,75277,Contacted
TE10101,57.0,102795.0,Kashmir,Honeymoon,2025-12-03,42472,Closed
TE10102,27.0,48366.0,Manali,Family,2025-03-13,128844,Closed
TE10103,56.0,21348.0,Kashmir,Leisure,2025-03-20,67355,Contacted
TE10104,18.0,119807.0,Bali,Family,2025-03-20,96711,Contacted
TE10105,56.0,180630.0,Singapore,Leisure,2025-12-04,114450,Closed
TE10106,55.0,88288.0,Singapore,Business,2025-02-03,101591,Closed
TE10107,55.0,217626.0,Dubai,Honeymoon,2025-01-12,10000,Converted
TE10108,49.0,103671.0,Singapore,Adventure,2025-02-28,109337,New
TE10109,40.0,226985.0,Manali,Adventure,2025-10-07,81479,New
TE10110,51.0,72751.0,Kashmir,Leisure,2025-07-30,73484,Closed
TE10111,31.0,143125.0,Dubai,Adventure,2025-12-01,81182,Converted
TE10112,55.0,195052.0,Manali,Leisure,2025-03-16,28649,Converted
TE10113,44.0,31697.0,Bali,Business,2025-05-24,91726,Converted
TE10114,,233761.0,Singapore,Leisure,2025-07-22,37246,Contacted
TE10115,42.0,102670.0,Jaipur,Honeymoon,2025-01-27,74996,Contacted
TE10116,45.0,133520.0,Singapore,Family,2025-12-01,90469,Converted
TE10117,19.0,163798.0,Manali,Adventure,2025-10-20,122591,New
TE10118,24.0,167176.0,Singapore,Business,2025-02-22,56314,Converted
TE10119,29.0,23491.0,Dubai,Leisure,2025-11-03,135806,Converted
TE10120,23.0,219184.0,Dubai,Business,2025-06-13,118140,Converted
TE10121,39.0,162676.0,Manali,Honeymoon,2025-05-03,69971,New
TE10122,50.0,249729.0,Dubai,Honeymoon,2025-12-11,46194,Converted
TE10123,49.0,127391.0,Dubai,Business,2025-07-08,34466,New
TE10124,40.0,160336.0,Jaipur,Family,2025-03-24,94511,New
TE10125,59.0,120327.0,Manali,Adventure,2025-10-22,59195,Contacted
TE10126,45.0,224429.0,Manali,Leisure,2025-09-18,126977,New
TE10127,21.0,211114.0,Kerala,Business,2025-03-11,61217,Closed
TE10128,54.0,228798.0,Goa,Family,2025-09-04,53477,Closed
TE10129,45.0,134993.0,Singapore,Business,2025-08-17,93177,New
TE10130,48.0,201617.0,Kashmir,Adventure,2025-04-11,60988,Converted
TE10131,45.0,101240.0,Paris,Business,2025-06-06,85299,Contacted
TE10132,44.0,124936.0,Thailand,Business,2025-11-02,119510,Converted
TE10133,22.0,194371.0,Goa,Adventure,2025-03-05,89103,Closed
TE10134,44.0,36827.0,Goa,Family,2025-09-20,89234,Contacted
TE10135,56.0,182834.0,Bali,Honeymoon,2025-10-30,92180,New
TE10136,32.0,21666.0,Bali,Adventure,2025-12-07,25742,New
TE10137,46.0,152711.0,Thailand,Leisure,2025-04-29,98714,Contacted
TE10138,19.0,128711.0,Goa,Adventure,2025-04-08,90598,Closed
TE10139,34.0,126733.0,Bali,Family,2025-12-07,116251,Contacted
TE10140,38.0,132681.0,Paris,Leisure,2025-06-18,106203,Contacted
TE10141,65.0,132129.0,Dubai,Adventure,2025-07-27,77932,New
TE10142,28.0,112508.0,Manali,Business,2025-07-06,121134,Closed
TE10143,31.0,122714.0,London,Leisure,2025-07-07,74758,New
TE10144,37.0,149815.0,Goa,Leisure,2025-08-16,93650,Converted
TE10145,65.0,195124.0,Ladakh,Family,2025-06-04,74110,Converted
TE10146,58.0,146102.0,Singapore,Leisure,2025-05-23,101162,New
TE10147,19.0,167065.0,Bali,Leisure,2025-05-26,71823,New
TE10148,29.0,212095.0,Bali,Leisure,2025-08-27,142664,Contacted
TE10149,57.0,247567.0,Thailand,Leisure,2025-10-25,155608,New
TE10150,20.0,43208.0,Manali,Business,2025-07-22,115588,Converted
TE10151,59.0,183399.0,Goa,Leisure,2025-09-04,138945,Converted
TE10152,31.0,70241.0,Kerala,Family,2025-05-31,31127,New
TE10153,62.0,63653.0,Dubai,Honeymoon,2025-10-09,35252,Contacted
TE10154,32.0,201977.0,Goa,Honeymoon,2025-05-24,73745,New
TE10155,38.0,33936.0,Manali,Honeymoon,2025-06-03,86443,New
TE10156,49.0,214699.0,Dubai,Adventure,2025-01-21,78063,Converted
TE10157,24.0,196767.0,Goa,Business,2025-04-06,27525,Converted
TE10158,44.0,248800.0,Goa,Leisure,2025-09-26,125306,Converted
TE10159,42.0,172963.0,Kashmir,Leisure,2025-02-01,160397,New
TE10160,55.0,220516.0,Dubai,Business,2025-03-23,129835,Contacted
TE10161,65.0,45500.0,London,Leisure,2025-10-10,122993,Contacted
TE10162,49.0,224457.0,Kashmir,Leisure,2025-11-14,92914,Closed
TE10163,37.0,55195.0,Manali,Leisure,2025-06-01,55495,Converted
TE10164,37.0,90929.0,Bali,Leisure,2025-05-29,87538,Closed
TE10165,38.0,47740.0,Kerala,Leisure,2025-07-05,158696,New
TE10166,57.0,111185.0,Bali,Family,2025-10-08,72680,Contacted
TE10167,33.0,191768.0,Goa,Honeymoon,2025-03-05,69076,Converted
TE10168,26.0,80196.0,Manali,Leisure,2025-06-06,123756,Contacted
TE10169,34.0,208750.0,Goa,Business,2025-04-03,126079,Contacted
TE10170,19.0,158662.0,Kerala,Leisure,2025-09-06,55323,Contacted
TE10171,23.0,163911.0,London,Honeymoon,2025-02-21,75848,Closed
TE10172,22.0,235803.0,Singapore,Business,2025-08-10,67433,New
TE10173,55.0,118188.0,Bali,Family,2025-02-17,87439,Closed
TE10174,52.0,97957.0,London,Family,2025-12-20,123629,Contacted
TE10175,51.0,248737.0,Singapore,Leisure,2025-08-21,56859,Contacted
TE10176,40.0,147224.0,Goa,Adventure,2025-02-20,123138,Contacted
TE10177,52.0,160588.0,Thailand,Business,2025-12-16,88558,New
TE10178,25.0,86741.0,Paris,Adventure,2025-07-28,166417,Closed
TE10179,61.0,67981.0,Goa,Leisure,2025-08-09,96159,Closed
TE10180,42.0,57393.0,Jaipur,Honeymoon,2025-01-24,81608,Closed
TE10181,63.0,69865.0,Kashmir,Honeymoon,2025-03-10,105115,Closed
TE10182,25.0,63283.0,Manali,Leisure,2025-10-22,73200,Converted
TE10183,41.0,191239.0,Jaipur,Leisure,2025-06-20,22165,Contacted
TE10184,51.0,31443.0,Manali,Leisure,2025-08-13,76582,Closed
TE10185,41.0,164017.0,Goa,Leisure,2025-12-26,76030,New
TE10186,39.0,238237.0,Goa,Honeymoon,2025-06-05,29269,Converted
TE10187,25.0,195608.0,Bali,Leisure,2025-05-19,82444,Contacted
TE10188,36.0,111468.0,Thailand,Honeymoon,2025-10-20,12651,Converted
TE10189,29.0,31781.0,Manali,Leisure,2025-01-25,72831,Contacted
TE10190,32.0,211516.0,Dubai,Business,2025-06-15,93526,Contacted
TE10191,50.0,18730.0,Manali,Honeymoon,2025-11-08,88395,New
TE10192,48.0,176069.0,Goa,Adventure,2025-03-24,70613,Contacted
TE10193,47.0,173660.0,Kerala,Family,2025-04-21,82006,Contacted
TE10194,35.0,62525.0,Bali,Leisure,2025-06-21,57558,New
TE10195,64.0,189650.0,Singapore,Leisure,2025-01-28,85379,New
TE10196,22.0,58707.0,Paris,Family,2025-01-26,87033,Contacted
TE10197,34.0,70350.0,Kerala,Leisure,2025-04-02,53491,New
TE10198,23.0,206382.0,Goa,Honeymoon,2025-11-23,94369,Converted
TE10199,34.0,245158.0,Manali,Adventure,2025-03-22,94151,New
TE10200,64.0,79413.0,Kashmir,Leisure,2025-09-24,79183,Contacted
TE10201,35.0,231751.0,Bali,Family,2025-06-05,169737,New
TE10202,61.0,229883.0,Kashmir,Family,2025-10-04,80075,Contacted
TE10203,41.0,196503.0,Kashmir,Honeymoon,2025-05-01,75227,Contacted
TE10204,51.0,50492.0,Singapore,Leisure,2025-11-15,70216,Contacted
TE10205,39.0,87465.0,Kashmir,Family,2025-05-15,51017,Contacted
TE10206,30.0,175229.0,Paris,Business,2025-10-16,109006,Contacted
TE10207,54.0,249819.0,Goa,Adventure,2025-10-30,60981,New
TE10208,64.0,206958.0,Goa,Business,2025-06-07,65122,Contacted
TE10209,30.0,115502.0,Goa,Honeymoon,2025-08-31,66162,Contacted
TE10210,55.0,72579.0,Goa,Family,2025-02-13,50527,Converted
TE10211,30.0,240799.0,Dubai,Business,2025-06-30,23712,Contacted
TE10212,52.0,82080.0,Bali,Business,2025-05-16,68797,Converted
TE10213,55.0,97395.0,Ladakh,Adventure,2025-12-14,115567,Contacted
TE10214,39.0,241769.0,Kerala,Business,2025-12-07,91894,New
TE10215,53.0,148306.0,Manali,Leisure,2025-10-13,139620,New
TE10216,31.0,79386.0,Bali,Leisure,2025-12-12,111283,New
TE10217,21.0,19240.0,Dubai,Leisure,2025-12-22,103339,Contacted
TE10218,22.0,117750.0,Goa,Adventure,2025-10-07,150893,Converted
TE10219,39.0,246753.0,Dubai,Business,2025-08-05,81600,Converted
TE10220,61.0,118344.0,Dubai,Honeymoon,2025-03-16,87208,Contacted
TE10221,24.0,180291.0,Dubai,Honeymoon,2025-10-24,84599,New
TE10222,39.0,76704.0,Ladakh,Leisure,2025-03-12,139033,Closed
TE10223,51.0,197942.0,Bali,Family,2025-03-09,85088,New
TE10224,27.0,197984.0,Bali,Adventure,2025-11-17,62310,Contacted
TE10225,52.0,159126.0,Goa,Family,2025-02-11,105569,Closed
TE10226,32.0,197069.0,Ladakh,Adventure,2025-02-21,56431,Contacted
TE10227,56.0,152287.0,Singapore,Adventure,2025-07-05,103672,New
TE10228,45.0,105770.0,Manali,Business,2025-01-17,99484,New
TE10229,44.0,189188.0,Singapore,Family,2025-05-18,78371,Contacted
TE10230,26.0,211750.0,Jaipur,Family,2025-03-23,104803,New
TE10231,40.0,213126.0,Jaipur,Leisure,2025-04-20,32927,Converted
TE10232,59.0,67433.0,Goa,Honeymoon,2025-03-07,90704,Contacted
TE10233,18.0,174970.0,Jaipur,Family,2025-09-04,68803,New
TE10234,54.0,18998.0,Goa,Adventure,2025-06-22,185179,New
TE10235,41.0,150704.0,Manali,Honeymoon,2025-12-16,90454,Converted
TE10236,52.0,150511.0,Goa,Leisure,2025-01-04,64126,Contacted
TE10237,49.0,102331.0,Kashmir,Family,2025-10-11,36759,Converted
TE10238,38.0,248627.0,Dubai,Business,2025-11-28,130689,Contacted
TE10239,32.0,222847.0,Dubai,Family,2025-06-26,72749,New
TE10240,48.0,26965.0,Dubai,Leisure,2025-09-12,57303,Contacted
TE10241,24.0,66450.0,Thailand,Adventure,2025-06-10,96770,Contacted
TE10242,46.0,66255.0,Kerala,Leisure,2025-08-05,107740,Contacted
TE10243,22.0,226234.0,Kashmir,Family,2025-11-27,107188,Converted
TE10244,49.0,138388.0,Dubai,Adventure,2025-07-13,85691,Closed
TE10245,48.0,187099.0,Goa,Leisure,2025-12-26,90572,Converted
TE10246,22.0,205907.0,Kerala,Honeymoon,2025-06-30,93121,Contacted
TE10247,54.0,196088.0,Dubai,Leisure,2025-03-05,96774,Contacted
TE10248,37.0,38657.0,Ladakh,Adventure,2025-09-06,99871,Contacted
TE10249,55.0,50557.0,Thailand,Business,2025-09-10,123306,New
TE10250,19.0,109694.0,Jaipur,Leisure,2025-03-28,86975,Converted
TE10251,26.0,96504.0,London,Adventure,2025-09-23,56412,Closed
TE10252,41.0,191322.0,Kerala,Adventure,2025-01-24,79950,New
TE10253,27.0,54246.0,Dubai,Family,2025-04-27,111382,Closed
TE10254,33.0,104198.0,Jaipur,Adventure,2025-11-08,22472,Converted
TE10255,49.0,72885.0,Goa,Business,2025-08-13,22674,Contacted
TE10256,24.0,61810.0,Ladakh,Leisure,2025-08-10,117140,Closed
TE10257,50.0,58090.0,Goa,Business,2025-08-15,138204,New
TE10258,22.0,63355.0,Dubai,Family,2025-03-02,40718,New
TE10259,26.0,148935.0,Kerala,Leisure,2025-12-16,88516,New
TE10260,46.0,113131.0,Goa,Leisure,2025-04-19,71016,Contacted
TE10261,56.0,118987.0,Goa,Leisure,2025-10-14,75871,Contacted
TE10262,26.0,129225.0,Bali,Adventure,2025-12-27,95694,Closed
TE10263,32.0,189926.0,Goa,Adventure,2025-03-29,39750,New
TE10264,62.0,217941.0,Jaipur,Honeymoon,2025-08-19,46247,New
TE10265,65.0,140133.0,Dubai,Adventure,2025-01-16,74456,Contacted
TE10266,45.0,167003.0,Manali,Honeymoon,2025-08-20,79912,New
TE10267,39.0,189346.0,Manali,Adventure,2025-06-10,45592,Converted
TE10268,34.0,178173.0,Bali,Adventure,2025-01-27,112638,Contacted
TE10269,47.0,49149.0,Kashmir,Adventure,2025-09-02,70385,Closed
TE10270,46.0,246054.0,Manali,Adventure,2025-12-19,70236,Converted
TE10271,32.0,56236.0,Kashmir,Business,2025-01-31,94893,New
TE10272,19.0,113548.0,Kerala,Adventure,2025-11-21,80488,New
TE10273,25.0,169404.0,Singapore,Adventure,2025-11-04,114312,New
TE10274,64.0,111578.0,Bali,Business,2025-07-19,52330,Closed
TE10275,38.0,74406.0,Bali,Honeymoon,2025-11-25,36091,Converted
TE10276,41.0,232217.0,Ladakh,Leisure,2025-04-23,74157,Contacted
TE10277,40.0,34594.0,Jaipur,Business,2025-09-20,87108,New
TE10278,55.0,75043.0,Kerala,Leisure,2025-09-12,41574,Closed
TE10279,21.0,248376.0,Dubai,Leisure,2025-07-31,36429,New
TE10280,21.0,187317.0,Goa,Family,2025-10-31,91380,Converted
TE10281,31.0,38178.0,Singapore,Honeymoon,2025-11-15,58478,Converted
TE10282,41.0,193061.0,Goa,Leisure,2025-10-14,34162,New
TE10283,50.0,242927.0,Dubai,Honeymoon,2025-08-03,118787,Contacted
TE10284,41.0,40686.0,Goa,Leisure,2025-12-22,62887,New
TE10285,39.0,114060.0,Manali,Honeymoon,2025-07-22,125243,Contacted
TE10286,63.0,126630.0,Singapore,Leisure,2025-08-20,85996,Closed
TE10287,25.0,48395.0,Singapore,Family,2025-03-10,95317,Converted
TE10288,45.0,64530.0,Paris,Honeymoon,2025-04-27,77598,Converted
TE10289,44.0,58311.0,Goa,Adventure,2025-11-26,10000,Contacted
TE10290,40.0,61007.0,Jaipur,Honeymoon,2025-07-01,45212,New
TE10291,56.0,111619.0,Dubai,Honeymoon,2025-07-06,80600,Converted
TE10292,30.0,125608.0,Bali,Honeymoon,2025-10-25,97766,Contacted
TE10293,63.0,73212.0,Kerala,Adventure,2025-04-29,22361,New
TE10294,33.0,85147.0,Jaipur,Honeymoon,2025-04-07,83124,Contacted
TE10295,44.0,62599.0,Jaipur,Honeymoon,2025-01-04,45721,Contacted
TE10296,42.0,202686.0,Kashmir,Adventure,2025-03-26,93212,Converted
TE10297,58.0,67127.0,Bali,Honeymoon,2025-07-06,84321,New
TE10298,39.0,228565.0,Jaipur,Business,2025-09-21,111023,Closed
TE10299,31.0,143015.0,Jaipur,Business,2025-04-30,122339,Contacted
TE10300,19.0,204231.0,Goa,Honeymoon,2025-06-11,101065,New
TE10301,35.0,165644.0,Kashmir,Honeymoon,2025-03-22,115114,New
TE10302,57.0,79719.0,Dubai,Business,2025-10-25,72738,Converted
TE10303,18.0,157516.0,Manali,Adventure,2025-07-11,183809,Contacted
TE10304,61.0,81599.0,London,Honeymoon,2025-02-22,42341,Contacted
TE10305,44.0,45506.0,Bali,Leisure,2025-08-10,66529,New
TE10306,24.0,77097.0,Goa,Adventure,2025-05-03,116548,Converted
TE10307,32.0,81948.0,Goa,Business,2025-11-11,111345,Converted
TE10308,44.0,49328.0,Goa,Adventure,2025-04-08,102059,New
TE10309,33.0,23477.0,Kerala,Business,2025-11-11,108636,Closed
TE10310,23.0,236962.0,Goa,Family,2025-09-12,12075,New
TE10311,49.0,137114.0,Kashmir,Adventure,2025-02-19,140625,New
TE10312,50.0,111275.0,Kashmir,Leisure,2025-10-04,77864,Contacted
TE10313,23.0,233749.0,Kerala,Family,2025-09-20,128606,Converted
TE10314,31.0,70128.0,Kerala,Family,2025-06-15,13827,New
TE10315,29.0,111466.0,Dubai,Family,2025-02-28,93980,Contacted
TE10316,49.0,214428.0,Goa,Leisure,2025-06-24,65277,New
TE10317,53.0,164632.0,Bali,Adventure,2025-08-10,105024,Contacted
TE10318,52.0,110613.0,Goa,Leisure,2025-02-18,96097,Converted
TE10319,63.0,77352.0,Goa,Adventure,2025-05-05,97812,Closed
TE10320,54.0,26147.0,Dubai,Business,2025-09-13,47937,Contacted
TE10321,33.0,37732.0,Goa,Leisure,2025-07-21,83006,Contacted
TE10322,23.0,55570.0,Jaipur,Honeymoon,2025-12-28,78694,Contacted
TE10323,47.0,200496.0,Bali,Leisure,2025-03-20,102336,New
TE10324,61.0,166306.0,Ladakh,Family,2025-10-11,119625,New
TE10325,64.0,118564.0,Kerala,Business,2025-06-04,90267,Closed
TE10326,29.0,199634.0,Thailand,Adventure,2025-03-23,40334,New
TE10327,29.0,55301.0,Paris,Leisure,2025-12-13,88765,Converted
TE10328,19.0,66936.0,Thailand,Family,2025-08-15,176388,New
TE10329,24.0,109113.0,Jaipur,Adventure,2025-07-14,142610,Converted
TE10330,44.0,230836.0,Manali,Business,2025-04-18,10000,New
TE10331,44.0,160502.0,Kashmir,Business,2025-11-17,87217,Closed
TE10332,35.0,215432.0,Dubai,Honeymoon,2025-01-11,117624,Converted
TE10333,32.0,75573.0,Goa,Honeymoon,2025-02-11,78619,New
TE10334,57.0,214825.0,Manali,Honeymoon,2025-03-07,68897,Converted
TE10335,40.0,34815.0,Paris,Honeymoon,2025-08-26,75656,Contacted
TE10336,56.0,70817.0,Dubai,Family,2025-02-07,104327,New
TE10337,64.0,139342.0,Kerala,Business,2025-10-18,44804,New
TE10338,33.0,29724.0,Thailand,Adventure,2025-03-13,126604,Converted
TE10339,27.0,217117.0,Dubai,Leisure,2025-09-04,83040,Converted
TE10340,63.0,219243.0,,Honeymoon,2025-10-17,52274,New
TE10341,48.0,143620.0,Dubai,Honeymoon,2025-11-16,124352,Closed
TE10342,31.0,88945.0,Ladakh,Business,2025-04-17,30920,New
TE10343,47.0,40959.0,Manali,Adventure,2025-01-28,65568,New
TE10344,42.0,161589.0,Goa,Family,2025-10-03,64991,Contacted
TE10345,61.0,142740.0,Jaipur,Family,2025-06-13,160038,New
TE10346,30.0,194313.0,Singapore,Adventure,2025-12-12,61024,New
TE10347,65.0,157788.0,Ladakh,Honeymoon,2025-03-10,10000,Contacted
TE10348,62.0,47764.0,Kerala,Family,2025-07-29,64636,New
TE10349,26.0,46249.0,Bali,Honeymoon,2025-02-13,100944,New
TE10350,25.0,199155.0,Paris,Family,2025-06-26,112443,Converted
TE10351,,54893.0,Goa,Adventure,2025-01-01,164679,Contacted
TE10352,20.0,235735.0,Goa,Business,2025-10-01,134241,Converted
TE10353,32.0,42579.0,Goa,Family,2025-08-09,91577,Contacted
TE10354,38.0,186983.0,Dubai,Honeymoon,2025-02-05,53800,Contacted
TE10355,64.0,244254.0,Jaipur,Family,2025-07-01,141841,New
TE10356,65.0,120364.0,Dubai,Adventure,2025-06-05,72100,Converted
TE10357,25.0,31157.0,Kerala,Business,2025-09-03,61964,New
TE10358,60.0,221390.0,Jaipur,Adventure,2025-07-01,70402,New
TE10359,22.0,61455.0,Singapore,Business,2025-06-17,41170,Converted
TE10360,53.0,140370.0,Singapore,Family,2025-10-30,68724,Converted
TE10361,58.0,246413.0,Dubai,Leisure,2025-07-08,76841,Contacted
TE10362,60.0,190787.0,Dubai,Leisure,2025-10-24,110573,New
TE10363,28.0,28745.0,Kerala,Business,2025-11-19,71417,New
TE10364,60.0,208358.0,Kerala,Family,2025-11-05,40639,Contacted
TE10365,23.0,55408.0,Dubai,Adventure,2025-12-14,28868,Converted
TE10366,42.0,191850.0,Dubai,Business,2025-09-12,92335,Contacted
TE10367,40.0,162062.0,Bali,Honeymoon,2025-07-24,87542,New
TE10368,33.0,84782.0,Singapore,Honeymoon,2025-07-13,65599,New
TE10369,19.0,116277.0,Goa,Honeymoon,2025-03-16,68639,Contacted
TE10370,55.0,45339.0,Jaipur,Leisure,2025-10-29,98597,Converted
TE10371,34.0,246934.0,Thailand,Leisure,2025-09-10,133669,New
TE10372,49.0,73294.0,Goa,Honeymoon,2025-11-14,57695,New
TE10373,37.0,89613.0,Thailand,Leisure,2025-09-13,88112,New
TE10374,35.0,134667.0,Manali,Honeymoon,2025-06-24,118539,New
TE10375,60.0,173992.0,Jaipur,Leisure,2025-04-18,57836,Contacted
TE10376,22.0,135224.0,Paris,Adventure,2025-12-25,84453,New
TE10377,53.0,135192.0,Goa,Honeymoon,2025-09-25,83670,Contacted
TE10378,53.0,153174.0,Kashmir,Honeymoon,2025-11-15,39105,Converted
TE10379,36.0,216986.0,Jaipur,Honeymoon,2025-08-01,90897,Closed
TE10380,30.0,109664.0,Kashmir,Honeymoon,2025-07-05,86104,Closed
TE10381,18.0,211055.0,Dubai,Leisure,2025-01-13,104428,New
TE10382,62.0,200559.0,Thailand,Business,2025-01-26,43459,New
TE10383,63.0,240954.0,Kashmir,Adventure,2025-09-15,85349,New
TE10384,29.0,229852.0,Kerala,Leisure,2025-03-23,133361,Converted
TE10385,19.0,203178.0,Manali,Business,2025-01-30,157712,New
TE10386,23.0,75240.0,Singapore,Leisure,2025-10-10,129805,Contacted
TE10387,21.0,197637.0,Kerala,Family,2025-08-14,43802,New
TE10388,57.0,188874.0,Kashmir,Family,2025-02-10,100787,New
TE10389,60.0,85164.0,Jaipur,Honeymoon,2025-07-01,68090,Converted
TE10390,25.0,175290.0,Dubai,Leisure,2025-06-21,94937,Converted
TE10391,53.0,76689.0,Goa,Leisure,2025-01-02,57972,Contacted
TE10392,26.0,139357.0,Bali,Family,2025-08-09,25028,Closed
TE10393,35.0,202846.0,London,Family,2025-05-25,72942,New
TE10394,46.0,61739.0,Goa,Honeymoon,2025-11-16,110291,New
TE10395,52.0,96173.0,Bali,Honeymoon,2025-02-12,95080,Contacted
TE10396,59.0,202494.0,Kashmir,Leisure,2025-11-05,99103,Converted
TE10397,20.0,123280.0,Goa,Business,2025-01-03,92572,Contacted
TE10398,27.0,240866.0,Goa,Family,2025-10-06,99158,New
TE10399,31.0,19846.0,Bali,Business,2025-10-12,103533,Closed
TE10400,32.0,185466.0,Singapore,Business,2025-05-29,75386,New
TE10401,65.0,206894.0,Goa,Leisure,2025-04-13,87901,Contacted
TE10402,55.0,230944.0,Ladakh,Family,2025-02-21,146014,Contacted
TE10403,33.0,,Kerala,Family,2025-05-04,89971,Closed
TE10404,64.0,246331.0,Thailand,Family,2025-09-01,86490,Converted
TE10405,41.0,109008.0,Thailand,Adventure,2025-09-21,88601,Closed
TE10406,42.0,99676.0,Ladakh,Family,2025-03-07,77373,New
TE10407,38.0,100486.0,Jaipur,Family,2025-01-05,69763,Contacted
TE10408,24.0,166068.0,Manali,Leisure,2025-07-24,92304,Converted
TE10409,62.0,170956.0,Jaipur,Adventure,2025-07-31,67300,Contacted
TE10410,18.0,127952.0,Goa,Leisure,2025-12-23,79907,Contacted
TE10411,26.0,34480.0,Singapore,Business,2025-10-05,57332,Closed
TE10412,29.0,246898.0,Goa,Honeymoon,2025-07-20,88780,New
TE10413,31.0,69528.0,Jaipur,Adventure,2025-08-04,105447,Contacted
TE10414,24.0,39763.0,Goa,Adventure,2025-08-23,77583,Closed
TE10415,18.0,156593.0,Dubai,Leisure,2025-06-14,14707,Closed
TE10416,50.0,113671.0,Manali,Adventure,2025-09-04,105663,Closed
TE10417,64.0,160812.0,Singapore,Business,2025-03-13,89206,Closed
TE10418,23.0,221125.0,Ladakh,Leisure,2025-10-30,50237,New
TE10419,32.0,40579.0,Goa,Leisure,2025-11-10,112064,Closed
TE10420,42.0,83900.0,Thailand,Business,2025-06-08,36055,Contacted
TE10421,62.0,137845.0,Thailand,Family,2025-06-16,121589,Converted
TE10422,51.0,200768.0,Dubai,Leisure,2025-07-01,82992,Contacted
TE10423,54.0,157349.0,Singapore,Family,2025-10-25,10000,Converted
TE10424,45.0,106806.0,Paris,Honeymoon,2025-03-06,91242,Contacted
TE10425,38.0,159534.0,Manali,Adventure,2025-05-05,70783,Converted
TE10426,27.0,245356.0,Kerala,Adventure,2025-08-12,65510,New
TE10427,59.0,129372.0,Goa,Honeymoon,2025-09-10,59180,New
TE10428,56.0,222979.0,Thailand,Family,2025-04-18,80547,Contacted
TE10429,19.0,198950.0,Kashmir,Business,2025-02-12,68018,New
TE10430,52.0,87906.0,Ladakh,Adventure,2025-07-04,20016,Converted
TE10431,22.0,75884.0,Kerala,Adventure,2025-08-21,129522,New
TE10432,53.0,196685.0,Kerala,Leisure,2025-10-07,76447,Contacted
TE10433,57.0,66135.0,London,Honeymoon,2025-01-02,59382,New
TE10434,24.0,96151.0,Manali,Family,2025-01-07,45505,New
TE10435,38.0,72612.0,Goa,Adventure,2025-05-21,111976,Contacted
TE10436,23.0,158676.0,Kerala,Honeymoon,2025-07-25,39555,New
TE10437,45.0,86240.0,Dubai,Adventure,2025-01-02,89690,New
TE10438,62.0,170768.0,Dubai,Leisure,2025-03-05,64572,New
TE10439,21.0,234884.0,Goa,Family,2025-06-02,66610,New
TE10440,37.0,210466.0,Kerala,Family,2025-04-12,46375,Contacted
TE10441,64.0,237926.0,Dubai,Family,2025-09-16,63289,New
TE10442,32.0,23672.0,Manali,Family,2025-01-13,85308,Contacted
TE10443,24.0,123666.0,Goa,Business,2025-11-20,93236,Converted
TE10444,41.0,69076.0,Paris,Adventure,2025-03-03,57504,Contacted
TE10445,42.0,230946.0,Thailand,Adventure,2025-06-10,81817,Contacted
TE10446,49.0,183165.0,Dubai,Family,2025-12-26,116096,New
TE10447,33.0,92291.0,Singapore,Leisure,2025-08-30,26808,Closed
TE10448,63.0,148737.0,Bali,Leisure,2025-12-30,84781,Contacted
TE10449,43.0,158460.0,Dubai,Family,2025-01-08,51723,New
TE10450,31.0,132980.0,Ladakh,Family,2025-09-20,48156,Closed
TE10451,64.0,128050.0,Bali,Honeymoon,2025-01-28,94135,Converted
TE10452,62.0,30808.0,Kerala,Leisure,2025-08-11,65916,Contacted
TE10453,41.0,122971.0,Goa,Business,2025-04-29,42412,Closed
TE10454,19.0,98800.0,Goa,Family,2025-10-10,131350,New
TE10455,46.0,207834.0,London,Leisure,2025-02-15,117203,Converted
TE10456,44.0,218704.0,Ladakh,Adventure,2025-11-23,17369,Converted
TE10457,25.0,192097.0,Kashmir,Adventure,2025-06-24,33395,Contacted
TE10458,48.0,25167.0,Thailand,Family,2025-07-09,105771,New
TE10459,58.0,213165.0,Goa,Family,2025-07-27,75029,New
TE10460,23.0,109973.0,Ladakh,Family,2025-01-13,137520,Closed
TE10461,52.0,114597.0,Jaipur,Family,2025-04-23,106572,New
TE10462,24.0,237275.0,Ladakh,Business,2025-09-16,95481,New
TE10463,53.0,219213.0,Goa,Business,2025-12-16,49235,Converted
TE10464,38.0,29804.0,Dubai,Family,2025-12-25,102200,Converted
TE10465,18.0,101481.0,Bali,Business,2025-07-14,40348,New
TE10466,64.0,191932.0,Ladakh,Business,2025-04-04,130684,Converted
TE10467,25.0,143013.0,Kerala,Business,2025-06-23,99775,Contacted
TE10468,46.0,77766.0,Dubai,Adventure,2025-06-18,56131,Converted
TE10469,26.0,139748.0,Dubai,Family,2025-05-25,113164,New
TE10470,62.0,,Kashmir,Adventure,2025-05-12,163453,New
TE10471,53.0,69803.0,Jaipur,Leisure,2025-11-13,77383,Contacted
TE10472,56.0,191088.0,Jaipur,Leisure,2025-05-23,104264,New
TE10473,38.0,188465.0,Kerala,Honeymoon,2025-01-11,69886,Contacted
TE10474,40.0,223484.0,Paris,Family,2025-09-20,87987,New
TE10475,48.0,87122.0,Kerala,Business,2025-08-31,32247,Converted
TE10476,55.0,68094.0,Jaipur,Honeymoon,2025-05-18,84981,Closed
TE10477,58.0,145056.0,Ladakh,Leisure,2025-08-18,86525,Converted
TE10478,18.0,141260.0,Thailand,Business,2025-12-09,147965,Closed
TE10479,49.0,113012.0,Kashmir,Family,2025-12-03,22175,Closed
TE10480,23.0,198791.0,Kerala,Family,2025-10-15,75169,Contacted
TE10481,31.0,203380.0,Jaipur,Business,2025-08-01,130084,Contacted
TE10482,57.0,75002.0,Bali,Honeymoon,2025-01-11,76538,Closed
TE10483,30.0,202563.0,Ladakh,Leisure,2025-07-06,79003,Closed
TE10484,56.0,71533.0,Kerala,Leisure,2025-10-25,55836,Closed
TE10485,40.0,112571.0,Bali,Family,2025-11-04,52359,Converted
TE10486,29.0,24306.0,Bali,Leisure,2025-10-09,21095,New
TE10487,34.0,96971.0,Singapore,Leisure,2025-12-26,62977,Closed
TE10488,43.0,240376.0,Bali,Honeymoon,2025-07-08,50373,Closed
TE10489,54.0,120674.0,Manali,Leisure,2025-02-09,89131,Converted
TE10490,47.0,182724.0,Jaipur,Leisure,2025-06-30,57432,Closed
TE10491,62.0,43039.0,Kerala,Family,2025-04-27,68214,Contacted
TE10492,59.0,165450.0,Goa,Leisure,2025-11-01,69173,Closed
TE10493,54.0,104205.0,Thailand,Adventure,2025-10-10,83314,New
TE10494,46.0,190607.0,Kerala,Business,2025-06-04,66502,Closed
TE10495,31.0,233301.0,Goa,Honeymoon,2025-05-22,47837,New
TE10496,,141334.0,Ladakh,Business,2025-02-28,88002,New
TE10497,23.0,41856.0,Bali,Adventure,2025-01-16,122362,New
TE10498,35.0,128463.0,Bali,Honeymoon,2025-04-24,89496,Contacted
TE10499,62.0,46561.0,Paris,Adventure,2025-03-29,63656,New
TE10500,38.0,122291.0,Thailand,Adventure,2025-04-07,80690,Closed
TE10501,23.0,32186.0,Paris,Leisure,2025-12-30,13228,Contacted
TE10502,49.0,166582.0,Kerala,Business,2025-09-05,80121,Closed
TE10503,64.0,90024.0,Goa,Leisure,2025-07-20,70988,New
TE10504,59.0,64756.0,Singapore,Adventure,2025-03-07,52329,New
TE10505,31.0,22014.0,Bali,Family,2025-11-03,58677,Converted
TE10506,39.0,224030.0,Kerala,Family,2025-08-23,70642,Converted
TE10507,43.0,212230.0,Jaipur,Adventure,2025-07-07,119736,Contacted
TE10508,29.0,206327.0,Ladakh,Adventure,2025-06-19,123222,Converted
TE10509,30.0,31487.0,Singapore,Adventure,2025-07-21,52516,Converted
TE10510,29.0,99099.0,Dubai,Business,2025-11-02,66867,Contacted
TE10511,65.0,243354.0,Kashmir,Family,2025-09-20,67759,Closed
TE10512,53.0,152237.0,Bali,Business,2025-06-26,113334,Converted
TE10513,58.0,47811.0,London,Business,2025-09-01,90093,Converted
TE10514,57.0,50718.0,London,Honeymoon,2025-12-05,88248,Contacted
TE10515,64.0,79042.0,Kashmir,Business,2025-04-29,103769,New
TE10516,23.0,243585.0,Bali,Leisure,2025-11-24,64126,New
TE10517,60.0,57350.0,Kerala,Business,2025-08-09,132736,Converted
TE10518,21.0,227472.0,Manali,Family,2025-03-09,84939,Converted
TE10519,40.0,175299.0,Kerala,Honeymoon,2025-12-18,55043,New
TE10520,46.0,231881.0,Bali,Adventure,2025-09-07,76963,Contacted
TE10521,35.0,209635.0,Kerala,Leisure,2025-05-21,128117,New
TE10522,25.0,95062.0,Thailand,Business,2025-03-20,70120,New
TE10523,27.0,210072.0,Goa,Family,2025-11-30,118235,Closed
TE10524,57.0,57239.0,Paris,Leisure,2025-10-27,63113,Contacted
TE10525,33.0,85505.0,Jaipur,Honeymoon,2025-01-17,58202,New
TE10526,32.0,67131.0,Jaipur,Leisure,2025-08-20,108086,Contacted
TE10527,62.0,48895.0,Goa,Family,2025-02-11,54411,Contacted
TE10528,24.0,38880.0,Manali,Honeymoon,2025-04-18,113789,Converted
TE10529,61.0,61476.0,Ladakh,Honeymoon,2025-07-26,97307,Closed
TE10530,62.0,45865.0,Jaipur,Family,2025-04-01,54424,Contacted
TE10531,46.0,106258.0,Goa,Adventure,2025-07-06,82500,Contacted
TE10532,25.0,34542.0,Goa,Business,2025-06-06,65793,Contacted
TE10533,25.0,32216.0,Jaipur,Leisure,2025-07-31,97214,Contacted
TE10534,31.0,247639.0,Manali,Leisure,2025-10-19,151073,New
TE10535,45.0,38345.0,Bali,Leisure,2025-02-26,72025,New
TE10536,25.0,35181.0,Ladakh,Business,2025-10-17,103682,Closed
TE10537,39.0,24984.0,Manali,Family,2025-03-22,85855,Contacted
TE10538,23.0,48749.0,Kerala,Leisure,2025-01-13,85842,Contacted
TE10539,43.0,140477.0,Manali,Leisure,2025-06-12,79218,New
TE10540,19.0,209923.0,Dubai,Leisure,2025-04-21,54990,Converted
TE10541,52.0,188495.0,Thailand,Business,2025-03-09,96730,New
TE10542,20.0,152616.0,Kerala,Family,2025-06-03,74894,Contacted
TE10543,27.0,37725.0,,Leisure,2025-11-13,53332,Converted
TE10544,26.0,197665.0,Manali,Adventure,2025-08-02,120496,Contacted
TE10545,57.0,26642.0,Dubai,Honeymoon,2025-09-22,88465,Closed
TE10546,20.0,164372.0,Jaipur,Family,2025-02-24,77017,New
TE10547,38.0,112965.0,Jaipur,Business,2025-01-28,131902,Converted
TE10548,46.0,222665.0,London,Leisure,2025-05-03,20737,Closed
TE10549,42.0,89347.0,Goa,Leisure,2025-10-09,129549,Contacted
TE10550,50.0,166125.0,Thailand,Leisure,2025-11-19,54193,Converted
TE10551,56.0,120079.0,Thailand,Adventure,2025-02-07,92404,Contacted
TE10552,36.0,139133.0,Kerala,Honeymoon,2025-06-23,64418,Converted
TE10553,57.0,235802.0,Dubai,Honeymoon,2025-05-25,52695,Closed
TE10554,33.0,183358.0,Jaipur,Adventure,2025-09-28,130986,Converted
TE10555,65.0,114177.0,Dubai,Honeymoon,2025-03-16,149968,Closed
TE10556,42.0,121795.0,Ladakh,Honeymoon,2025-06-26,77257,Contacted
TE10557,53.0,181461.0,Jaipur,Leisure,2025-11-06,96742,Contacted
TE10558,60.0,98287.0,Kashmir,Honeymoon,2025-06-19,86995,New
TE10559,56.0,56943.0,Singapore,Family,2025-10-12,145568,Converted
TE10560,58.0,126495.0,Jaipur,Leisure,2025-08-15,11040,Closed
TE10561,43.0,33828.0,Bali,Adventure,2025-08-06,98199,Contacted
TE10562,20.0,57373.0,Jaipur,Honeymoon,2025-04-05,59551,New
TE10563,41.0,115604.0,Thailand,Honeymoon,2025-12-28,10000,Contacted
TE10564,26.0,202805.0,Manali,Adventure,2025-04-01,72381,Converted
TE10565,60.0,199289.0,London,Honeymoon,2025-12-05,149682,Closed
TE10566,29.0,78483.0,Ladakh,Adventure,2025-12-27,62038,New
TE10567,28.0,115887.0,Thailand,Family,2025-07-06,112677,New
TE10568,29.0,53619.0,Jaipur,Leisure,2025-11-13,126954,Contacted
TE10569,48.0,193217.0,Ladakh,Business,2025-09-18,84556,New
TE10570,45.0,75153.0,Dubai,Business,2025-09-26,89216,Closed
TE10571,63.0,203490.0,Bali,Leisure,2025-01-25,24930,Contacted
TE10572,37.0,213361.0,Manali,Family,2025-02-19,59934,Contacted
TE10573,31.0,177868.0,Dubai,Honeymoon,2025-01-26,116745,New
TE10574,20.0,94607.0,Jaipur,Family,2025-01-12,87124,Contacted
TE10575,18.0,239075.0,Dubai,Adventure,2025-11-01,97857,Closed
TE10576,35.0,177164.0,Paris,Business,2025-03-05,89661,Contacted
TE10577,62.0,167835.0,Ladakh,Adventure,2025-01-03,161720,New
TE10578,43.0,216687.0,Manali,Adventure,2025-12-08,69932,New
TE10579,60.0,222501.0,Bali,Adventure,2025-04-12,141189,Closed
TE10580,22.0,36036.0,Goa,Business,2025-10-25,89673,Closed
TE10581,22.0,222519.0,Bali,Family,2025-12-16,144297,New
TE10582,58.0,195486.0,Ladakh,Honeymoon,2025-07-10,42126,Contacted
TE10583,23.0,65913.0,Paris,Business,2025-12-04,91463,New
TE10584,20.0,89378.0,Bali,Business,2025-12-19,71221,Contacted
TE10585,37.0,192619.0,Kashmir,Business,2025-02-22,89882,New
TE10586,62.0,68256.0,Ladakh,Business,2025-02-23,127783,Converted
TE10587,51.0,122960.0,Paris,Business,2025-05-15,98258,Closed
TE10588,22.0,177825.0,Jaipur,Business,2025-07-23,127713,New
TE10589,58.0,168914.0,Bali,Honeymoon,2025-10-14,61542,Contacted
TE10590,58.0,229073.0,Dubai,Leisure,2025-03-08,56201,New
TE10591,56.0,43876.0,Ladakh,Leisure,2025-03-12,85564,New
TE10592,61.0,86444.0,Dubai,Honeymoon,2025-04-22,83647,New
TE10593,29.0,246492.0,Ladakh,Adventure,2025-04-09,78495,New
TE10594,65.0,149970.0,Goa,Business,2025-12-09,51448,Closed
TE10595,33.0,75700.0,Goa,Business,2025-05-25,126953,New
TE10596,56.0,85241.0,London,Honeymoon,2025-11-13,72301,Closed
TE10597,45.0,96697.0,Thailand,Honeymoon,2025-01-21,134913,New
TE10598,55.0,146594.0,Thailand,Adventure,2025-02-07,85446,Contacted
TE10599,48.0,84014.0,Kashmir,Family,2025-10-20,107695,Contacted
TE10600,48.0,162272.0,Jaipur,Business,2025-04-01,104520,Closed
TE10601,47.0,121302.0,Dubai,Business,2025-01-31,56150,New
TE10602,55.0,159598.0,Goa,Adventure,2025-08-05,97852,New
TE10603,53.0,53988.0,Jaipur,Business,2025-02-23,152492,Converted
TE10604,24.0,162663.0,Manali,Family,2025-01-23,93806,Converted
TE10605,57.0,232540.0,Kashmir,Business,2025-05-28,116545,Converted
TE10606,43.0,49338.0,Goa,Family,2025-07-20,109265,New
TE10607,33.0,,Manali,Honeymoon,2025-07-11,95747,New
TE10608,42.0,178902.0,Manali,Leisure,2025-08-01,91527,Converted
TE10609,64.0,161238.0,Manali,Adventure,2025-01-09,104156,Contacted
TE10610,59.0,174542.0,Manali,Honeymoon,2025-04-16,111715,Contacted
TE10611,58.0,147819.0,Singapore,Business,2025-05-06,37674,New
TE10612,40.0,176361.0,Dubai,Leisure,2025-04-17,93656,New
TE10613,55.0,159378.0,Kerala,Leisure,2025-07-23,78557,Closed
TE10614,36.0,35184.0,Thailand,Honeymoon,2025-03-25,71297,Converted
TE10615,50.0,192298.0,Kerala,Family,2025-08-19,130359,New
TE10616,48.0,121667.0,Bali,Business,2025-12-07,59340,Closed
TE10617,29.0,29936.0,Paris,Leisure,2025-08-29,36183,Contacted
TE10618,30.0,112896.0,Manali,Adventure,2025-05-22,112850,New
TE10619,20.0,118962.0,Dubai,Leisure,2025-06-08,35286,Contacted
TE10620,24.0,38117.0,Kashmir,Honeymoon,2025-08-02,17522,Converted
TE10621,38.0,249093.0,Singapore,Business,2025-09-21,116789,Contacted
TE10622,40.0,69589.0,Dubai,Leisure,2025-04-20,90555,Contacted
TE10623,25.0,94712.0,Jaipur,Adventure,2025-01-14,101545,Converted
TE10624,38.0,120303.0,Ladakh,Business,2025-09-13,69515,New
TE10625,47.0,211142.0,Singapore,Leisure,2025-08-29,36546,Closed
TE10626,29.0,190355.0,Kerala,Business,2025-02-06,43497,Contacted
TE10627,34.0,196864.0,Thailand,Business,2025-08-17,75473,Contacted
TE10628,35.0,72998.0,Singapore,Leisure,2025-01-27,40466,Converted
TE10629,42.0,214141.0,Singapore,Leisure,2025-08-23,95747,Contacted
TE10630,35.0,210502.0,Manali,Honeymoon,2025-09-28,68814,Contacted
TE10631,53.0,125615.0,,Leisure,2025-01-06,91476,Contacted
TE10632,33.0,144625.0,Kashmir,Family,2025-09-22,90430,Closed
TE10633,38.0,26616.0,Kerala,Leisure,2025-02-13,98538,Converted
TE10634,36.0,194418.0,Paris,Family,2025-04-07,102482,Converted
TE10635,26.0,240934.0,Kerala,Adventure,2025-09-14,72963,New
TE10636,50.0,127633.0,Goa,Honeymoon,2025-05-10,91439,Contacted
TE10637,29.0,143396.0,Ladakh,Business,2025-12-22,93260,Contacted
TE10638,32.0,133813.0,Manali,Family,2025-12-15,10000,New
TE10639,56.0,37173.0,Ladakh,Honeymoon,2025-12-26,107628,Converted
TE10640,63.0,161775.0,Kerala,Honeymoon,2025-02-07,90248,New
TE10641,50.0,185376.0,Dubai,Business,2025-03-06,104742,New
TE10642,61.0,233290.0,Goa,Adventure,2025-03-08,39960,New
TE10643,59.0,233711.0,Ladakh,Adventure,2025-08-02,73948,New
TE10644,41.0,132101.0,Manali,Adventure,2025-06-06,46796,New
TE10645,54.0,240485.0,Goa,Honeymoon,2025-09-29,111061,Contacted
TE10646,33.0,140649.0,Bali,Business,2025-04-13,35821,Contacted
TE10647,40.0,166954.0,Dubai,Adventure,2025-03-14,52497,New
TE10648,43.0,157663.0,Paris,Leisure,2025-08-25,103701,New
TE10649,64.0,249695.0,Manali,Honeymoon,2025-08-13,62972,Converted
TE10650,58.0,189104.0,Thailand,Family,2025-09-09,52506,New
TE10651,41.0,45841.0,Dubai,Adventure,2025-04-24,116735,Contacted
TE10652,49.0,34669.0,Manali,Leisure,2025-07-11,118170,Contacted
TE10653,27.0,113092.0,Dubai,Business,2025-12-04,110272,Contacted
TE10654,56.0,137640.0,Manali,Business,2025-08-11,114705,Closed
TE10655,44.0,,Dubai,Honeymoon,2025-12-06,76895,Contacted
TE10656,43.0,129729.0,Goa,Family,2025-06-07,77839,Closed
TE10657,54.0,137397.0,Manali,Adventure,2025-01-17,62317,Closed
TE10658,48.0,231831.0,Paris,Family,2025-10-04,90871,New
TE10659,21.0,95692.0,Thailand,Leisure,2025-06-17,66524,New
TE10660,31.0,132494.0,Goa,Adventure,2025-01-16,69843,New
TE10661,26.0,147313.0,Manali,Family,2025-02-20,105997,Contacted
TE10662,53.0,126650.0,Thailand,Family,2025-04-24,126459,Contacted
TE10663,19.0,242604.0,Thailand,Leisure,2025-03-11,98939,New
TE10664,27.0,241231.0,Singapore,Business,2025-09-07,147801,New
TE10665,46.0,137044.0,Manali,Adventure,2025-08-11,60307,Contacted
TE10666,51.0,122534.0,Paris,Family,2025-04-30,20671,Converted
TE10667,42.0,154641.0,Manali,Family,2025-01-31,110012,Converted
TE10668,59.0,59965.0,Goa,Family,2025-01-29,57986,Closed
TE10669,62.0,116828.0,Paris,Business,2025-12-11,75421,New
TE10670,24.0,68324.0,Kerala,Honeymoon,2025-05-06,23057,Contacted
TE10671,63.0,51419.0,Dubai,Business,2025-02-09,53528,Closed
TE10672,47.0,40083.0,Kerala,Adventure,2025-09-16,32422,Converted
TE10673,48.0,154200.0,Dubai,Adventure,2025-11-13,69799,Contacted
TE10674,22.0,18131.0,Dubai,Family,2025-02-14,71191,Contacted
TE10675,47.0,167912.0,Ladakh,Family,2025-12-10,88149,New
TE10676,52.0,118211.0,Thailand,Adventure,2025-09-21,128390,Closed
TE10677,45.0,103024.0,Dubai,Family,2025-04-02,108692,Contacted
TE10678,22.0,196465.0,Kerala,Leisure,2025-10-10,28224,Contacted
TE10679,43.0,142990.0,Dubai,Family,2025-06-02,106281,Contacted
TE10680,62.0,188164.0,Goa,Honeymoon,2025-08-20,88911,Contacted
TE10681,52.0,182598.0,Bali,Family,2025-02-16,81576,New
TE10682,24.0,25458.0,Manali,Business,2025-03-30,84206,Converted
TE10683,64.0,67994.0,Paris,Business,2025-10-09,92159,Contacted
TE10684,64.0,150236.0,Jaipur,Business,2025-10-21,60784,New
TE10685,26.0,244327.0,Manali,Leisure,2025-01-04,78618,Contacted
TE10686,56.0,53793.0,Goa,Business,2025-03-20,126438,Closed
TE10687,37.0,42489.0,Dubai,Adventure,2025-08-10,60363,Contacted
TE10688,46.0,236330.0,Kashmir,Family,2025-11-26,48954,Contacted
TE10689,39.0,242299.0,Kerala,Family,2025-09-03,82840,Contacted
TE10690,55.0,56828.0,Paris,Adventure,2025-09-15,45430,Converted
TE10691,65.0,111196.0,Goa,Business,2025-05-22,24703,Converted
TE10692,56.0,163380.0,Kerala,Honeymoon,2025-01-20,72944,Closed
TE10693,62.0,63293.0,Goa,Business,2025-10-06,135702,New
TE10694,63.0,93687.0,Kerala,Business,2025-10-18,83649,Closed
TE10695,22.0,109707.0,Bali,Family,2025-06-11,91250,Closed
TE10696,30.0,166842.0,Paris,Honeymoon,2025-07-04,10445,Contacted
TE10697,52.0,89471.0,Dubai,Family,2025-03-27,100334,Contacted
TE10698,46.0,113644.0,Goa,Family,2025-06-14,88268,New
TE10699,20.0,85183.0,Goa,Honeymoon,2025-03-30,61728,Contacted
TE10700,22.0,194237.0,Jaipur,Honeymoon,2025-06-03,91302,New
TE10701,42.0,53504.0,Thailand,Business,2025-02-18,90954,New
TE10702,47.0,71517.0,Manali,Honeymoon,2025-08-09,47918,Closed
TE10703,26.0,75997.0,Kerala,Honeymoon,2025-04-01,96615,New
TE10704,26.0,228144.0,Singapore,Business,2025-09-21,126900,Contacted
TE10705,24.0,237119.0,Goa,Leisure,2025-07-08,77022,New
TE10706,45.0,134049.0,Manali,Honeymoon,2025-11-23,54634,Contacted
TE10707,18.0,54285.0,Dubai,Adventure,2025-03-22,78785,Contacted
TE10708,45.0,193414.0,Singapore,Family,2025-04-10,114911,New
TE10709,40.0,132165.0,Jaipur,Honeymoon,2025-03-30,42079,Contacted
TE10710,40.0,215138.0,Bali,Adventure,2025-08-18,105250,Closed
TE10711,50.0,101519.0,Thailand,Business,2025-02-08,61269,Contacted
TE10712,43.0,249729.0,Bali,Family,2025-09-07,93472,Closed
TE10713,52.0,,London,Adventure,2025-10-26,65248,Converted
TE10714,54.0,69955.0,Bali,Adventure,2025-09-03,65154,Contacted
TE10715,62.0,186327.0,Thailand,Family,2025-02-19,138308,New
TE10716,56.0,84559.0,Ladakh,Business,2025-06-29,35682,New
TE10717,42.0,99152.0,Bali,Leisure,2025-07-14,101988,Closed
TE10718,41.0,76100.0,Ladakh,Family,2025-05-23,145596,Contacted
TE10719,29.0,176275.0,Kashmir,Business,2025-06-19,108993,Contacted
TE10720,46.0,78986.0,Jaipur,Family,2025-10-05,38412,Converted
TE10721,24.0,166202.0,Singapore,Family,2025-10-31,40145,New
TE10722,62.0,153127.0,Jaipur,Adventure,2025-04-20,58693,Converted
TE10723,58.0,192186.0,Thailand,Leisure,2025-05-01,90527,New
TE10724,23.0,248498.0,,Honeymoon,2025-03-17,92908,Closed
TE10725,55.0,20046.0,Ladakh,Business,2025-05-27,40491,New
TE10726,23.0,247745.0,Ladakh,Family,2025-07-18,54453,New
TE10727,52.0,43370.0,Kashmir,Family,2025-09-17,56598,Converted
TE10728,22.0,140211.0,Manali,Leisure,2025-04-08,78674,New
TE10729,41.0,97086.0,Bali,Business,2025-03-20,154464,Closed
TE10730,49.0,166254.0,Bali,Business,2025-01-13,52338,Converted
TE10731,52.0,185443.0,Kashmir,Business,2025-02-04,50806,New
TE10732,38.0,217514.0,Thailand,Adventure,2025-01-19,45340,New
TE10733,62.0,111259.0,Kerala,Honeymoon,2025-03-17,107244,Closed
TE10734,55.0,234441.0,Kerala,Family,2025-09-10,83553,Contacted
TE10735,27.0,92805.0,Manali,Adventure,2025-10-09,53632,Closed
TE10736,50.0,65295.0,London,Adventure,2025-12-21,72302,New
TE10737,53.0,105959.0,Manali,Adventure,2025-07-18,57297,Closed
TE10738,34.0,140622.0,Bali,Family,2025-06-15,95356,Contacted
TE10739,53.0,173013.0,Ladakh,Leisure,2025-11-24,178953,Converted
TE10740,61.0,211219.0,Jaipur,Honeymoon,2025-02-23,104280,Contacted
TE10741,57.0,70167.0,Manali,Family,2025-08-18,81745,New
TE10742,54.0,88343.0,Manali,Business,2025-10-25,61726,Closed
TE10743,48.0,235774.0,Thailand,Adventure,2025-07-02,37981,Closed
TE10744,30.0,120036.0,Jaipur,Leisure,2025-04-06,110679,Contacted
TE10745,56.0,74044.0,Goa,Adventure,2025-08-14,108777,Closed
TE10746,35.0,246665.0,Bali,Business,2025-12-29,68686,New
TE10747,43.0,122161.0,Manali,Adventure,2025-03-27,127467,New
TE10748,33.0,246531.0,Thailand,Honeymoon,2025-07-25,85739,New
TE10749,33.0,231282.0,Dubai,Business,2025-01-19,112117,Contacted
TE10750,25.0,228217.0,Manali,Adventure,2025-03-26,95367,New
TE10751,64.0,152987.0,Goa,Honeymoon,2025-10-07,78800,Contacted
TE10752,25.0,203240.0,Jaipur,Adventure,2025-06-30,51579,New
TE10753,22.0,240849.0,Jaipur,Adventure,2025-03-14,79906,Converted
TE10754,62.0,80438.0,Bali,Adventure,2025-05-03,114472,Converted
TE10755,44.0,,Jaipur,Honeymoon,2025-02-14,67215,Converted
TE10756,39.0,92437.0,Dubai,Business,2025-10-11,100391,New
TE10757,53.0,165761.0,Dubai,Adventure,2025-12-10,47104,Converted
TE10758,36.0,144970.0,Dubai,Adventure,2025-02-08,112302,New
TE10759,24.0,36695.0,Kashmir,Business,2025-03-28,95953,Converted
TE10760,53.0,148100.0,Manali,Family,2025-11-08,42926,Contacted
TE10761,26.0,58460.0,London,Family,2025-11-16,77159,Contacted
TE10762,44.0,135277.0,Dubai,Honeymoon,2025-10-07,117600,New
TE10763,63.0,151563.0,Goa,Leisure,2025-09-18,40934,Converted
TE10764,62.0,165708.0,Manali,Business,2025-11-10,47517,Closed
TE10765,35.0,113713.0,Goa,Adventure,2025-05-16,82568,Converted
TE10766,55.0,112731.0,Ladakh,Honeymoon,2025-11-22,159667,Closed
TE10767,47.0,175429.0,Jaipur,Family,2025-11-19,61460,Closed
TE10768,41.0,191809.0,Dubai,Honeymoon,2025-03-25,102335,New
TE10769,24.0,205396.0,Singapore,Honeymoon,2025-01-27,94105,Converted
TE10770,36.0,95383.0,Singapore,Leisure,2025-07-09,64367,New
TE10771,49.0,116386.0,Kashmir,Leisure,2025-10-04,90640,Contacted
TE10772,65.0,94717.0,Kashmir,Business,2025-11-06,69326,New
TE10773,18.0,140390.0,Singapore,Family,2025-02-21,72477,Closed
TE10774,52.0,47516.0,Ladakh,Adventure,2025-05-18,26855,Converted
TE10775,58.0,117781.0,Ladakh,Leisure,2025-10-07,84145,New
TE10776,63.0,61781.0,Jaipur,Leisure,2025-01-22,116468,Contacted
TE10777,38.0,141518.0,Bali,Business,2025-09-21,87010,Contacted
TE10778,23.0,215321.0,Goa,Business,2025-04-17,123168,Converted
TE10779,31.0,246612.0,Bali,Adventure,2025-01-09,105311,Closed
TE10780,58.0,121537.0,Kashmir,Adventure,2025-03-30,82916,New
TE10781,60.0,31068.0,Goa,Family,2025-09-28,63023,Contacted
TE10782,48.0,70865.0,Ladakh,Leisure,2025-11-13,67981,Contacted
TE10783,23.0,42318.0,Kashmir,Family,2025-01-30,33532,Contacted
TE10784,23.0,194167.0,Manali,Honeymoon,2025-06-18,75652,Contacted
TE10785,40.0,246445.0,Kerala,Business,2025-03-15,90110,New
TE10786,46.0,146524.0,Kashmir,Adventure,2025-09-06,145040,New
TE10787,19.0,59028.0,Kashmir,Leisure,2025-10-12,103491,Contacted
TE10788,50.0,22908.0,Goa,Leisure,2025-12-17,54730,Closed
TE10789,44.0,244454.0,Dubai,Adventure,2025-05-10,34622,New
TE10790,18.0,91396.0,Bali,Honeymoon,2025-04-19,77771,New
TE10791,22.0,43986.0,Manali,Leisure,2025-04-23,113412,Converted
TE10792,39.0,59064.0,Dubai,Honeymoon,2025-10-05,77278,Closed
TE10793,52.0,77219.0,Goa,Family,2025-06-12,103969,Contacted
TE10794,57.0,170163.0,Manali,Honeymoon,2025-01-09,78661,New
TE10795,38.0,224894.0,Kerala,Family,2025-12-11,110095,Converted
TE10796,32.0,81807.0,Singapore,Leisure,2025-02-07,29096,Contacted
TE10797,64.0,177440.0,Singapore,Leisure,2025-12-04,141146,Converted
TE10798,40.0,33067.0,Bali,Family,2025-02-28,46063,New
TE10799,33.0,20343.0,Paris,Family,2025-07-15,112781,New
TE10800,39.0,30744.0,Dubai,Business,2025-04-24,75474,New
TE10801,18.0,232166.0,Goa,Business,2025-09-07,80946,Converted
TE10802,32.0,152961.0,Manali,Leisure,2025-05-27,76561,Contacted
TE10803,42.0,204800.0,Dubai,Adventure,2025-05-14,93946,New
TE10804,62.0,23039.0,Manali,Adventure,2025-06-23,101013,Contacted
TE10805,53.0,23158.0,Goa,Leisure,2025-12-20,122043,Converted
TE10806,55.0,214920.0,Manali,Leisure,2025-03-31,134278,New
TE10807,44.0,41805.0,Singapore,Leisure,2025-03-21,96614,Converted
TE10808,23.0,54052.0,Singapore,Family,2025-01-25,144979,Converted
TE10809,,138395.0,Kashmir,Leisure,2025-09-26,88254,Contacted
TE10810,65.0,158723.0,Ladakh,Leisure,2025-09-04,122710,Closed
TE10811,20.0,71101.0,Kerala,Leisure,2025-08-10,100005,Closed
TE10812,60.0,121168.0,Goa,Honeymoon,2025-01-09,65778,New
TE10813,50.0,174570.0,Kerala,Honeymoon,2025-10-15,91343,New
TE10814,31.0,120741.0,Goa,Business,2025-10-22,102611,New
TE10815,55.0,106775.0,Jaipur,Leisure,2025-12-10,83873,New
TE10816,58.0,34657.0,Paris,Adventure,2025-12-05,99450,Contacted
TE10817,20.0,122835.0,Paris,Family,2025-09-16,115288,Closed
TE10818,23.0,204239.0,Dubai,Honeymoon,2025-05-27,84182,Closed
TE10819,49.0,163408.0,Singapore,Leisure,2025-08-05,10000,New
TE10820,65.0,225189.0,Thailand,Adventure,2025-05-02,143739,Contacted
TE10821,19.0,47271.0,Bali,Family,2025-08-28,74584,New
TE10822,49.0,20555.0,Singapore,Leisure,2025-12-13,56185,Contacted
TE10823,24.0,145173.0,Kerala,Adventure,2025-08-26,45656,New
TE10824,49.0,59436.0,Goa,Honeymoon,2025-12-02,73224,Closed
TE10825,47.0,155806.0,Bali,Family,2025-12-06,65304,Closed
TE10826,22.0,227706.0,Kerala,Family,2025-02-13,59205,New
TE10827,50.0,96216.0,Dubai,Family,2025-12-18,61126,Converted
TE10828,61.0,145483.0,Dubai,Business,2025-10-25,103541,Contacted
TE10829,59.0,176154.0,Kashmir,Family,2025-06-05,156063,Converted
TE10830,19.0,52809.0,Singapore,Family,2025-08-07,113720,Contacted
TE10831,29.0,226191.0,Jaipur,Business,2025-08-13,124291,New
TE10832,29.0,65047.0,Singapore,Leisure,2025-10-14,71791,Contacted
TE10833,39.0,205520.0,Paris,Leisure,2025-10-20,88663,New
TE10834,24.0,171117.0,Jaipur,Family,2025-02-07,99927,Contacted
TE10835,59.0,50704.0,Dubai,Adventure,2025-01-01,61915,New
TE10836,55.0,186158.0,Jaipur,Adventure,2025-03-31,70099,Converted
TE10837,56.0,63582.0,Singapore,Leisure,2025-07-11,114909,Converted
TE10838,27.0,157067.0,Goa,Business,2025-11-06,123160,New
TE10839,18.0,240647.0,Ladakh,Honeymoon,2025-08-26,87359,Contacted
TE10840,61.0,239131.0,Dubai,Honeymoon,2025-02-19,43169,Converted
TE10841,31.0,220128.0,Singapore,Leisure,2025-09-19,74654,New
TE10842,49.0,132623.0,Singapore,Adventure,2025-06-20,34553,Contacted
TE10843,61.0,147813.0,Singapore,Honeymoon,2025-05-15,87632,Converted
TE10844,19.0,87663.0,Kerala,Family,2025-10-08,93939,Contacted
TE10845,18.0,231663.0,Kashmir,Honeymoon,2025-04-18,75525,Converted
TE10846,18.0,128718.0,Jaipur,Honeymoon,2025-08-14,93460,Contacted
TE10847,25.0,197018.0,Bali,Family,2025-03-08,99592,Contacted
TE10848,20.0,101442.0,Bali,Honeymoon,2025-05-19,93990,New
TE10849,57.0,189779.0,Manali,Adventure,2025-07-23,42946,New
TE10850,47.0,70064.0,Dubai,Leisure,2025-08-15,76136,New
TE10851,65.0,188241.0,Paris,Business,2025-12-01,99345,Closed
TE10852,56.0,28663.0,Dubai,Leisure,2025-04-16,140255,Closed
TE10853,64.0,42318.0,Paris,Adventure,2025-11-23,75483,Converted
TE10854,29.0,99713.0,Paris,Leisure,2025-10-25,104279,New
TE10855,31.0,129832.0,Kerala,Adventure,2025-05-12,115735,Contacted
TE10856,58.0,183047.0,Manali,Adventure,2025-02-20,78118,Converted
TE10857,29.0,101300.0,Ladakh,Leisure,2025-04-04,125194,Converted
TE10858,20.0,22277.0,Jaipur,Family,2025-08-28,127076,New
TE10859,50.0,93491.0,Bali,Business,2025-10-15,133313,Closed
TE10860,56.0,119889.0,Goa,Leisure,2025-08-11,101045,New
TE10861,64.0,144143.0,Jaipur,Business,2025-09-21,167605,New
TE10862,62.0,167410.0,Goa,Family,2025-02-07,63465,Closed
TE10863,23.0,75458.0,Singapore,Family,2025-07-03,159343,Contacted
TE10864,55.0,159614.0,Dubai,Family,2025-11-15,111890,Contacted
TE10865,58.0,164528.0,Kashmir,Adventure,2025-05-22,131914,Contacted
TE10866,51.0,198183.0,Dubai,Leisure,2025-11-24,73799,Closed
TE10867,57.0,139116.0,Kerala,Family,2025-02-15,114557,New
TE10868,58.0,206041.0,Manali,Business,2025-12-23,134944,Converted
TE10869,39.0,69412.0,Singapore,Family,2025-10-13,46942,New
TE10870,19.0,183116.0,Jaipur,Family,2025-08-16,79284,New
TE10871,39.0,28635.0,Paris,Honeymoon,2025-08-13,10056,Contacted
TE10872,27.0,41849.0,Manali,Adventure,2025-12-07,78758,Contacted
TE10873,23.0,218616.0,Goa,Leisure,2025-05-18,56440,New
TE10874,23.0,128205.0,Goa,Family,2025-03-02,77378,Contacted
TE10875,51.0,162036.0,London,Business,2025-12-01,187328,Contacted
TE10876,42.0,157990.0,Paris,Adventure,2025-02-07,145123,Contacted
TE10877,43.0,179208.0,Goa,Business,2025-08-29,34619,Converted
TE10878,53.0,74971.0,Kashmir,Business,2025-04-07,104451,Converted
TE10879,44.0,59356.0,Goa,Adventure,2025-12-05,112963,Contacted
TE10880,48.0,27872.0,Paris,Family,2025-12-21,73174,Contacted
TE10881,22.0,218627.0,Bali,Honeymoon,2025-06-22,91241,Contacted
TE10882,58.0,69873.0,Kashmir,Family,2025-07-14,94659,Contacted
TE10883,39.0,151439.0,Bali,Honeymoon,2025-06-15,37869,New
TE10884,25.0,123535.0,Jaipur,Business,2025-06-04,48903,New
TE10885,57.0,55666.0,London,Honeymoon,2025-12-08,91030,New
TE10886,53.0,114032.0,Goa,Business,2025-04-15,88479,Contacted
TE10887,20.0,37302.0,London,Business,2025-12-16,60200,Closed
TE10888,27.0,58986.0,Thailand,Business,2025-08-25,57197,Contacted
TE10889,18.0,50409.0,Kashmir,Business,2025-12-16,81858,Contacted
TE10890,30.0,209265.0,Manali,Adventure,2025-08-11,116015,Contacted
TE10891,22.0,149641.0,Manali,Leisure,2025-10-26,82323,Converted
TE10892,52.0,232760.0,Singapore,Leisure,2025-06-28,141796,Contacted
TE10893,43.0,119149.0,Jaipur,Adventure,2025-06-18,60646,Contacted
TE10894,65.0,64713.0,Kerala,Honeymoon,2025-04-04,91759,Converted
TE10895,53.0,159192.0,Kashmir,Family,2025-03-18,72600,New
TE10896,47.0,233661.0,Singapore,Family,2025-01-14,105579,Contacted
TE10897,42.0,141562.0,Dubai,Leisure,2025-05-20,57644,Contacted
TE10898,20.0,22143.0,Paris,Honeymoon,2025-12-26,152459,Converted
TE10899,21.0,88440.0,Goa,Adventure,2025-12-08,25829,Closed
TE10900,47.0,232592.0,Manali,Honeymoon,2025-09-09,145042,Converted
TE10901,18.0,138257.0,Manali,Leisure,2025-05-13,88150,Contacted
TE10902,20.0,238848.0,Ladakh,Adventure,2025-07-09,104335,New
TE10903,28.0,136151.0,Bali,Leisure,2025-10-03,131708,Contacted
TE10904,60.0,20796.0,Kerala,Adventure,2025-01-01,115018,Converted
TE10905,40.0,220548.0,Paris,Business,2025-12-02,59449,Closed
TE10906,52.0,195021.0,Singapore,Family,2025-11-13,106003,Converted
TE10907,37.0,183938.0,Ladakh,Family,2025-12-20,150362,New
TE10908,26.0,243087.0,Thailand,Adventure,2025-02-04,53945,Converted
TE10909,35.0,63517.0,Kerala,Adventure,2025-12-11,159145,Closed
TE10910,22.0,228170.0,Ladakh,Honeymoon,2025-08-12,98500,Converted
TE10911,54.0,71968.0,Jaipur,Business,2025-07-22,69837,Converted
TE10912,26.0,243205.0,Jaipur,Honeymoon,2025-03-07,53735,Contacted
TE10913,36.0,62412.0,Thailand,Honeymoon,2025-06-29,77185,Contacted
TE10914,65.0,145675.0,Paris,Family,2025-05-13,16565,New
TE10915,46.0,201128.0,Paris,Leisure,2025-12-26,70466,New
TE10916,40.0,36132.0,Dubai,Honeymoon,2025-05-04,75798,Converted
TE10917,44.0,33475.0,Jaipur,Business,2025-03-21,47396,Closed
TE10918,55.0,215151.0,Kerala,Family,2025-12-11,111175,Closed
TE10919,30.0,32019.0,Singapore,Leisure,2025-03-10,77343,New
TE10920,48.0,160408.0,Jaipur,Honeymoon,2025-11-26,62747,New
TE10921,59.0,235667.0,Manali,Business,2025-12-17,73613,New
TE10922,45.0,160619.0,Thailand,Adventure,2025-04-22,97429,Converted
TE10923,39.0,129592.0,Dubai,Leisure,2025-09-08,87563,Converted
TE10924,24.0,114803.0,Kashmir,Honeymoon,2025-10-18,60466,Closed
TE10925,29.0,166054.0,Manali,Adventure,2025-07-15,89398,New
TE10926,63.0,150667.0,Kerala,Honeymoon,2025-09-11,83226,Contacted
TE10927,43.0,134410.0,Kerala,Honeymoon,2025-02-18,45119,Converted
TE10928,32.0,53630.0,Ladakh,Adventure,2025-07-07,74902,New
TE10929,38.0,171739.0,Goa,Leisure,2025-07-06,105277,Closed
TE10930,45.0,189627.0,Thailand,Family,2025-07-26,105025,Contacted
TE10931,43.0,182455.0,Kerala,Family,2025-12-10,76951,New
TE10932,51.0,35404.0,Kerala,Business,2025-10-28,108687,New
TE10933,30.0,181069.0,Jaipur,Adventure,2025-08-08,50702,Closed
TE10934,49.0,187309.0,Goa,Adventure,2025-05-27,51785,Contacted
TE10935,39.0,60552.0,Jaipur,Business,2025-05-28,76206,Converted
TE10936,63.0,214963.0,Dubai,Honeymoon,2025-01-08,137415,Converted
TE10937,25.0,139532.0,Dubai,Honeymoon,2025-07-20,90714,Contacted
TE10938,25.0,127613.0,Singapore,Business,2025-04-02,75362,Converted
TE10939,40.0,185675.0,Jaipur,Honeymoon,2025-11-19,139045,Closed
TE10940,42.0,136281.0,Goa,Business,2025-10-09,74957,New
TE10941,51.0,144381.0,Goa,Honeymoon,2025-11-29,163216,Converted
TE10942,37.0,90434.0,Manali,Family,2025-12-29,67105,New
TE10943,61.0,233268.0,Manali,Leisure,2025-05-26,49589,New
TE10944,40.0,242915.0,Kerala,Honeymoon,2025-06-05,79177,Contacted
TE10945,24.0,48260.0,Manali,Honeymoon,2025-08-10,76282,Closed
TE10946,23.0,188085.0,Thailand,Business,2025-06-06,56730,New
TE10947,64.0,23413.0,Manali,Honeymoon,2025-04-12,176069,Contacted
TE10948,24.0,103605.0,Goa,Family,2025-09-15,96152,Converted
TE10949,63.0,243040.0,Thailand,Family,2025-06-14,101249,New
TE10950,31.0,58555.0,,Leisure,2025-12-09,68834,Converted
TE10951,22.0,105464.0,Paris,Leisure,2025-03-22,64782,Closed
TE10952,32.0,68942.0,Kashmir,Leisure,2025-06-11,120895,New
TE10953,47.0,186947.0,Kashmir,Business,2025-07-13,26346,New
TE10954,38.0,125630.0,Bali,Honeymoon,2025-11-27,45000,Closed
TE10955,55.0,155603.0,Goa,Adventure,2025-07-30,76344,New
TE10956,47.0,236676.0,Kerala,Family,2025-01-26,132287,New
TE10957,37.0,138884.0,London,Family,2025-05-03,71892,Closed
TE10958,48.0,188322.0,Kashmir,Adventure,2025-11-19,99565,Closed
TE10959,64.0,40714.0,Goa,Family,2025-04-10,85971,Converted
TE10960,37.0,67936.0,Paris,Adventure,2025-05-04,130369,Contacted
TE10961,25.0,237672.0,Dubai,Honeymoon,2025-02-24,29535,Closed
TE10962,37.0,217419.0,Goa,Honeymoon,2025-09-19,110759,Converted
TE10963,58.0,170349.0,Bali,Leisure,2025-02-20,78039,Converted
TE10964,28.0,105742.0,Dubai,Family,2025-05-14,117371,Converted
TE10965,63.0,64354.0,Dubai,Business,2025-09-16,56325,Converted
TE10966,46.0,215600.0,Goa,Business,2025-11-22,85854,Contacted
TE10967,46.0,200191.0,Jaipur,Honeymoon,2025-03-22,81412,Contacted
TE10968,33.0,74074.0,Manali,Honeymoon,2025-05-01,49915,Contacted
TE10969,62.0,154841.0,Jaipur,Leisure,2025-02-12,40186,Contacted
TE10970,19.0,161529.0,Manali,Business,2025-06-09,64686,Contacted
TE10971,32.0,128772.0,Kashmir,Honeymoon,2025-12-30,89548,Contacted
TE10972,38.0,232988.0,Manali,Business,2025-04-21,58508,Converted
TE10973,40.0,46791.0,Kerala,Business,2025-04-05,73447,Contacted
TE10974,40.0,77831.0,Manali,Adventure,2025-05-26,18997,New
TE10975,25.0,40046.0,Goa,Leisure,2025-11-23,72027,New
TE10976,28.0,178759.0,Manali,Honeymoon,2025-07-19,120826,New
TE10977,22.0,167410.0,Goa,Family,2025-08-10,109681,Converted
TE10978,45.0,247057.0,Goa,Leisure,2025-10-12,81958,Contacted
TE10979,34.0,143817.0,Jaipur,Adventure,2025-09-18,93528,New
TE10980,45.0,52938.0,Singapore,Business,2025-08-06,56011,Converted
TE10981,46.0,122604.0,Goa,Adventure,2025-07-24,141855,New
TE10982,51.0,38509.0,Jaipur,Adventure,2025-07-14,157372,New
TE10983,44.0,173652.0,Kerala,Honeymoon,2025-03-07,90769,Converted
TE10984,49.0,174413.0,Manali,Honeymoon,2025-05-31,175674,Contacted
TE10985,46.0,216975.0,Paris,Adventure,2025-11-05,61194,Converted
TE10986,49.0,96819.0,Goa,Business,2025-01-15,41212,Converted
TE10987,47.0,89948.0,Manali,Family,2025-10-29,60163,Closed
TE10988,33.0,34528.0,Jaipur,Leisure,2025-07-26,77318,New
TE10989,29.0,114315.0,London,Adventure,2025-05-08,165922,Converted
TE10990,55.0,128271.0,London,Business,2025-02-11,75159,Converted
TE10991,34.0,193040.0,London,Leisure,2025-10-06,54912,New
TE10992,44.0,192875.0,Paris,Leisure,2025-01-01,53554,Closed
TE10993,27.0,50538.0,Goa,Honeymoon,2025-07-17,124901,Contacted
TE10994,38.0,84148.0,Dubai,Family,2025-03-01,119906,Closed
TE10995,43.0,136662.0,Manali,Adventure,2025-11-27,68008,Contacted
TE10996,48.0,95731.0,Goa,Family,2025-03-08,19348,Contacted
TE10997,43.0,23926.0,Goa,Leisure,2025-10-20,45499,New
TE10998,35.0,214203.0,Jaipur,Adventure,2025-07-28,145244,Closed
TE10999,64.0,187656.0,Dubai,Adventure,2025-01-15,109108,Contacted
TE11000,42.0,138657.0,Manali,Family,2025-09-20,87291,New
TE11001,56.0,91657.0,Bali,Honeymoon,2025-11-17,150409,New
TE11002,53.0,213514.0,Dubai,Business,2025-03-22,153541,Converted
TE11003,44.0,26185.0,Thailand,Leisure,2025-12-19,83742,New
TE11004,60.0,121562.0,Manali,Adventure,2025-10-18,84385,Contacted
TE11005,24.0,203823.0,Kerala,Adventure,2025-09-28,64628,Converted
TE11006,62.0,239091.0,Manali,Family,2025-05-03,75039,New
TE11007,58.0,76329.0,Jaipur,Family,2025-02-13,32979,Contacted
TE11008,42.0,168984.0,Manali,Business,2025-06-06,32836,New
TE11009,53.0,62007.0,Manali,Business,2025-10-21,24707,Closed
TE11010,42.0,44888.0,Kerala,Honeymoon,2025-08-02,122952,Closed
TE11011,30.0,99901.0,Dubai,Leisure,2025-08-24,30351,New
TE11012,56.0,223342.0,Manali,Leisure,2025-10-12,153249,Contacted
TE11013,29.0,177959.0,Kashmir,Business,2025-05-04,59437,Contacted
TE11014,33.0,131510.0,Goa,Business,2025-01-14,145807,Closed
TE11015,42.0,83614.0,Kerala,Adventure,2025-11-18,72223,Contacted
TE11016,58.0,50860.0,Kerala,Leisure,2025-08-12,30183,Contacted
TE11017,36.0,80817.0,Manali,Honeymoon,2025-07-25,129932,Closed
TE11018,41.0,53424.0,Jaipur,Family,2025-07-28,134065,New
TE11019,19.0,61404.0,Goa,Business,2025-11-07,53288,Contacted
TE11020,23.0,177508.0,Bali,Family,2025-10-08,73392,New
TE11021,20.0,48786.0,Manali,Honeymoon,2025-09-01,53297,Contacted
TE11022,21.0,28990.0,Manali,Honeymoon,2025-10-12,80782,Contacted
TE11023,59.0,143823.0,Dubai,Leisure,2025-04-16,88774,Closed
TE11024,58.0,84490.0,Thailand,Leisure,2025-09-17,72702,Contacted
TE11025,57.0,123496.0,Ladakh,Honeymoon,2025-12-21,21339,New
TE11026,20.0,50430.0,Kashmir,Leisure,2025-03-27,64669,Converted
TE11027,21.0,66715.0,Singapore,Adventure,2025-07-27,109623,Converted
TE11028,31.0,120330.0,Singapore,Honeymoon,2025-09-05,77689,Converted
TE11029,45.0,178085.0,Jaipur,Adventure,2025-07-08,73540,Converted
TE11030,34.0,114130.0,Thailand,Leisure,2025-12-19,52423,New
TE11031,41.0,143678.0,Jaipur,Leisure,2025-05-27,63648,Contacted
TE11032,26.0,139075.0,Dubai,Family,2025-03-21,134313,New
TE11033,53.0,80375.0,Singapore,Honeymoon,2025-02-19,45108,New
TE11034,33.0,82875.0,Kerala,Honeymoon,2025-11-06,110229,Closed
TE11035,21.0,116768.0,Goa,Business,2025-09-07,86647,Converted
TE11036,53.0,25434.0,Paris,Honeymoon,2025-07-30,93568,New
TE11037,61.0,177012.0,Dubai,Honeymoon,2025-06-06,59368,New
TE11038,18.0,160538.0,Thailand,Adventure,2025-05-30,72688,Closed
TE11039,38.0,89023.0,Paris,Adventure,2025-12-07,84800,New
TE11040,57.0,104702.0,Ladakh,Adventure,2025-09-05,66777,New
TE11041,51.0,94258.0,Jaipur,Leisure,2025-12-18,96600,New
TE11042,59.0,169110.0,Bali,Business,2025-10-19,101010,New
TE11043,37.0,194255.0,Goa,Adventure,2025-10-07,161045,New
TE11044,35.0,43210.0,Kashmir,Family,2025-07-21,94737,Closed
TE11045,52.0,113890.0,Jaipur,Adventure,2025-03-30,18072,New
TE11046,25.0,21196.0,Manali,Leisure,2025-08-26,125706,Contacted
TE11047,29.0,122922.0,Manali,Business,2025-09-18,77865,Converted
TE11048,46.0,75604.0,Dubai,Adventure,2025-07-09,155417,Contacted
TE11049,50.0,95906.0,Paris,Leisure,2025-01-08,136482,Converted
TE11050,23.0,123919.0,Bali,Adventure,2025-12-16,67316,Converted
TE11051,42.0,93104.0,Kashmir,Leisure,2025-10-28,110267,Contacted
TE11052,35.0,109425.0,Singapore,Business,2025-05-09,64212,Contacted
TE11053,42.0,195427.0,Kerala,Leisure,2025-06-29,85094,Converted
TE11054,64.0,205991.0,Jaipur,Adventure,2025-02-14,108659,Converted
TE11055,21.0,19360.0,Ladakh,Adventure,2025-12-07,123955,Converted
TE11056,65.0,105658.0,Thailand,Leisure,2025-03-25,116332,New
TE11057,39.0,214478.0,Dubai,Leisure,2025-05-18,87625,Converted
TE11058,55.0,141062.0,Kashmir,Family,2025-06-05,171920,Converted
TE11059,38.0,65625.0,Paris,Adventure,2025-04-06,72224,New
TE11060,32.0,155696.0,Ladakh,Leisure,2025-08-20,28748,Closed
TE11061,54.0,51623.0,Kashmir,Adventure,2025-12-29,35486,New
TE11062,51.0,23064.0,Bali,Adventure,2025-11-08,136590,New
TE11063,24.0,164723.0,Manali,Family,2025-07-13,82317,Closed
TE11064,51.0,137511.0,Kerala,Business,2025-02-17,90567,New
TE11065,54.0,193509.0,Goa,Adventure,2025-11-11,66012,Contacted
TE11066,36.0,98001.0,Ladakh,Honeymoon,2025-04-04,69155,Contacted
TE11067,62.0,216194.0,Dubai,Honeymoon,2025-11-28,57452,Closed
TE11068,48.0,115737.0,Bali,Leisure,2025-05-24,101490,Contacted
TE11069,34.0,189221.0,Kashmir,Family,2025-07-08,81592,Converted
TE11070,18.0,41266.0,Manali,Family,2025-06-08,100225,Converted
TE11071,50.0,40539.0,Paris,Family,2025-06-15,96880,Contacted
TE11072,28.0,199615.0,Singapore,Leisure,2025-03-02,70094,Closed
TE11073,54.0,211485.0,Paris,Family,2025-07-21,33944,Converted
TE11074,43.0,236638.0,Manali,Leisure,2025-05-27,30897,Contacted
TE11075,40.0,93312.0,Goa,Business,2025-11-05,190933,Closed
TE11076,25.0,23166.0,Paris,Family,2025-06-23,136736,Contacted
TE11077,52.0,245338.0,Singapore,Leisure,2025-12-18,131906,New
TE11078,25.0,157519.0,Kerala,Family,2025-04-18,61389,New
TE11079,38.0,75332.0,Manali,Business,2025-04-30,85333,Contacted
TE11080,58.0,195212.0,Jaipur,Honeymoon,2025-01-14,56462,New
TE11081,62.0,227704.0,Paris,Adventure,2025-09-26,39077,Contacted
TE11082,65.0,84075.0,Dubai,Business,2025-01-27,64393,Contacted
TE11083,63.0,196563.0,Bali,Leisure,2025-04-14,131416,Contacted
TE11084,44.0,200713.0,Dubai,Adventure,2025-11-28,114426,New
TE11085,27.0,134391.0,Kerala,Leisure,2025-08-11,51048,Converted
TE11086,58.0,164707.0,Kashmir,Business,2025-07-23,73981,Contacted
TE11087,56.0,80528.0,Kerala,Honeymoon,2025-10-20,111219,New
TE11088,65.0,233566.0,Kerala,Family,2025-10-08,65016,Contacted
TE11089,49.0,246081.0,Goa,Honeymoon,2025-11-19,87786,Contacted
TE11090,24.0,245594.0,Manali,Adventure,2025-08-31,99065,Contacted
TE11091,42.0,189013.0,Goa,Leisure,2025-06-13,98683,Contacted
TE11092,39.0,27824.0,Bali,Business,2025-02-17,93895,New
TE11093,58.0,103017.0,Ladakh,Business,2025-05-15,62121,Closed
TE11094,36.0,121226.0,Manali,Leisure,2025-09-14,65716,Contacted
TE11095,33.0,240684.0,Manali,Leisure,2025-04-03,45322,New
TE11096,21.0,144901.0,Dubai,Family,2025-09-02,30353,Converted
TE11097,58.0,142391.0,Kerala,Leisure,2025-02-18,80984,Converted
TE11098,54.0,52044.0,Singapore,Honeymoon,2025-01-22,113569,Contacted
TE11099,19.0,202143.0,Singapore,Business,2025-05-13,36690,Contacted
TE11100,38.0,96018.0,Thailand,Adventure,2025-03-25,94554,Contacted
TE11101,41.0,39314.0,Dubai,Adventure,2025-11-14,112462,Contacted
TE11102,40.0,247135.0,Singapore,Business,2025-05-18,20714,New
TE11103,62.0,62096.0,Kerala,Adventure,2025-06-02,75530,New
TE11104,25.0,21765.0,Dubai,Adventure,2025-05-27,142617,Closed
TE11105,32.0,36058.0,Thailand,Leisure,2025-04-26,104318,Converted
TE11106,26.0,122982.0,Goa,Business,2025-12-01,19534,Contacted
TE11107,29.0,41873.0,Bali,Business,2025-09-27,108042,New
TE11108,61.0,213496.0,Bali,Leisure,2025-02-27,58829,Converted
TE11109,63.0,136888.0,Kashmir,Business,2025-03-20,109196,New
TE11110,20.0,93145.0,Jaipur,Leisure,2025-01-30,60847,New
TE11111,48.0,18730.0,Dubai,Leisure,2025-04-04,83144,New
TE11112,29.0,129313.0,Ladakh,Adventure,2025-08-27,66186,Converted
TE11113,27.0,53102.0,Bali,Family,2025-12-07,85111,Contacted
TE11114,32.0,244907.0,Jaipur,Business,2025-06-25,65145,New
TE11115,27.0,85532.0,Bali,Honeymoon,2025-01-30,77176,New
TE11116,41.0,128171.0,Dubai,Leisure,2025-01-18,43854,Contacted
TE11117,65.0,22320.0,Kerala,Family,2025-05-31,102173,Contacted
TE11118,46.0,48373.0,Thailand,Business,2025-04-07,91135,Converted
TE11119,52.0,66137.0,Dubai,Honeymoon,2025-07-29,28421,New
TE11120,41.0,29999.0,Jaipur,Adventure,2025-02-13,119752,Converted
TE11121,18.0,186431.0,Kashmir,Leisure,2025-03-25,78830,Closed
TE11122,22.0,237337.0,Ladakh,Family,2025-07-22,90662,Contacted
TE11123,30.0,246603.0,Thailand,Family,2025-04-13,111760,New
TE11124,29.0,79668.0,Paris,Adventure,2025-05-13,96488,Converted
TE11125,58.0,200989.0,London,Leisure,2025-03-22,125782,New
TE11126,58.0,134943.0,Manali,Leisure,2025-01-19,74735,New
TE11127,58.0,28638.0,Jaipur,Family,2025-05-06,121205,New
TE11128,48.0,39042.0,Jaipur,Business,2025-05-01,89302,Closed
TE11129,44.0,145087.0,Ladakh,Family,2025-11-24,102767,Contacted
TE11130,49.0,116288.0,Thailand,Family,2025-11-21,99127,Closed
TE11131,37.0,19944.0,Bali,Business,2025-06-07,128426,Contacted
TE11132,50.0,233785.0,Singapore,Honeymoon,2025-04-15,110249,Contacted
TE11133,56.0,187438.0,Paris,Honeymoon,2025-06-02,69497,New
TE11134,54.0,134560.0,Jaipur,Family,2025-08-10,62556,Contacted
TE11135,47.0,246983.0,Jaipur,Honeymoon,2025-05-21,83259,New
TE11136,20.0,243304.0,Goa,Family,2025-10-03,58396,Contacted
TE11137,52.0,243957.0,Jaipur,Honeymoon,2025-12-17,48173,New
TE11138,35.0,78050.0,Thailand,Honeymoon,2025-05-27,10518,Contacted
TE11139,53.0,222367.0,Bali,Honeymoon,2025-02-12,30776,Contacted
TE11140,43.0,135055.0,Ladakh,Business,2025-02-13,154489,New
TE11141,60.0,186441.0,Paris,Adventure,2025-11-14,62022,New
TE11142,34.0,217412.0,Kerala,Honeymoon,2025-06-01,151621,Closed
TE11143,62.0,55891.0,Goa,Leisure,2025-04-30,99110,New
TE11144,58.0,121994.0,Paris,Family,2025-08-14,83258,New
TE11145,33.0,47904.0,Jaipur,Business,2025-12-15,32479,New
TE11146,41.0,82841.0,Manali,Honeymoon,2025-06-04,85163,Contacted
TE11147,43.0,113936.0,Goa,Adventure,2025-04-25,151226,Converted
TE11148,54.0,216471.0,Bali,Honeymoon,2025-11-11,139517,New
TE11149,51.0,218139.0,Jaipur,Adventure,2025-01-31,94598,Contacted
TE11150,58.0,108454.0,Paris,Family,2025-11-04,44797,Contacted
TE11151,35.0,94373.0,Manali,Adventure,2025-07-09,51499,New
TE11152,42.0,141128.0,Kerala,Honeymoon,2025-01-08,55159,Closed
TE11153,38.0,229554.0,Jaipur,Leisure,2025-03-24,129735,Closed
TE11154,61.0,244555.0,Jaipur,Family,2025-09-05,142110,New
TE11155,32.0,70609.0,Kerala,Business,2025-10-02,91856,New
TE11156,46.0,61264.0,Goa,Honeymoon,2025-03-13,74392,New
TE11157,23.0,181972.0,Thailand,Family,2025-08-28,139205,New
TE11158,58.0,87925.0,Goa,Business,2025-12-27,50750,Contacted
TE11159,36.0,64345.0,Jaipur,Leisure,2025-09-07,86814,Contacted
TE11160,34.0,25208.0,Manali,Business,2025-09-13,101204,Contacted
TE11161,45.0,111545.0,Kerala,Adventure,2025-03-12,54802,New
TE11162,41.0,108906.0,Dubai,Business,2025-08-21,62743,New
TE11163,58.0,148630.0,Thailand,Business,2025-09-15,60019,Closed
TE11164,43.0,64442.0,Paris,Honeymoon,2025-02-10,134585,Closed
TE11165,42.0,,Singapore,Honeymoon,2025-04-24,152003,New
TE11166,23.0,175768.0,Manali,Honeymoon,2025-11-18,89018,Converted
TE11167,19.0,125265.0,Goa,Adventure,2025-12-30,75612,Contacted
TE11168,37.0,60066.0,Paris,Leisure,2025-03-05,64006,Converted
TE11169,65.0,135614.0,Kerala,Adventure,2025-09-24,85061,Contacted
TE11170,62.0,174557.0,Jaipur,Family,2025-07-02,65742,Closed
TE11171,48.0,104470.0,Kashmir,Honeymoon,2025-08-03,81604,New
TE11172,48.0,79126.0,Bali,Adventure,2025-07-05,99463,New
TE11173,36.0,135509.0,London,Family,2025-11-12,70814,Closed
TE11174,26.0,100410.0,Dubai,Leisure,2025-06-12,78364,New
TE11175,18.0,110919.0,Ladakh,Leisure,2025-08-03,78509,New
TE11176,34.0,98936.0,Kerala,Business,2025-09-01,73885,Converted
TE11177,33.0,88404.0,Kerala,Business,2025-07-21,69549,Converted
TE11178,27.0,184287.0,London,Business,2025-11-17,111677,Converted
TE11179,30.0,124776.0,Singapore,Adventure,2025-03-28,23024,Converted
TE11180,19.0,126230.0,Thailand,Family,2025-12-12,140100,Converted
TE11181,47.0,169516.0,Bali,Honeymoon,2025-12-16,89744,New
TE11182,62.0,101821.0,Goa,Adventure,2025-05-17,106351,Contacted
TE11183,51.0,41439.0,Bali,Honeymoon,2025-06-24,110378,Converted
TE11184,39.0,215809.0,Jaipur,Honeymoon,2025-01-16,60218,Closed
TE11185,38.0,30923.0,Kashmir,Family,2025-12-03,52997,New
TE11186,32.0,150693.0,Ladakh,Family,2025-10-25,48871,New
TE11187,24.0,79670.0,Goa,Adventure,2025-04-18,76353,Converted
TE11188,46.0,67608.0,Goa,Business,2025-01-19,109472,New
TE11189,45.0,27733.0,Goa,Business,2025-09-11,64568,New
TE11190,18.0,226822.0,Jaipur,Business,2025-09-02,106278,Converted
TE11191,37.0,117576.0,Goa,Honeymoon,2025-07-12,10000,Contacted
TE11192,31.0,97495.0,Bali,Adventure,2025-02-27,71505,New
TE11193,26.0,189965.0,Kerala,Honeymoon,2025-12-01,125850,New
TE11194,51.0,27043.0,Ladakh,Adventure,2025-06-07,79016,New
TE11195,43.0,148976.0,Dubai,Business,2025-09-21,55980,Converted
TE11196,48.0,132747.0,Jaipur,Adventure,2025-11-09,62010,Contacted
TE11197,52.0,146398.0,Goa,Family,2025-07-19,10000,New
TE11198,65.0,46753.0,Thailand,Leisure,2025-02-04,49587,Contacted
TE11199,56.0,238990.0,Manali,Leisure,2025-11-20,122003,New
TE11200,47.0,73324.0,Goa,Adventure,2025-08-31,64609,New
TE11201,60.0,175401.0,Manali,Family,2025-11-22,68741,New
TE11202,40.0,191330.0,Ladakh,Leisure,2025-08-11,10000,Contacted
TE11203,65.0,97804.0,Goa,Business,2025-11-27,27921,New
TE11204,54.0,48334.0,Kerala,Leisure,2025-11-12,126652,New
TE11205,49.0,86827.0,Bali,Business,2025-03-20,106605,Contacted
TE11206,61.0,205211.0,Bali,Adventure,2025-03-04,39590,Contacted
TE11207,42.0,228307.0,Manali,Adventure,2025-02-28,62930,New
TE11208,52.0,235363.0,Goa,Leisure,2025-10-19,83979,New
TE11209,31.0,70504.0,Jaipur,Business,2025-03-29,43136,New
TE11210,64.0,158716.0,Manali,Honeymoon,2025-06-13,14855,Contacted
TE11211,47.0,53040.0,Bali,Leisure,2025-10-14,79428,Converted
TE11212,55.0,182804.0,Dubai,Leisure,2025-06-06,105041,New
TE11213,40.0,114481.0,Jaipur,Honeymoon,2025-01-23,105715,Converted
TE11214,59.0,183552.0,Goa,Business,2025-05-12,115633,Converted
TE11215,21.0,176950.0,Kerala,Leisure,2025-02-04,30625,New
TE11216,23.0,248332.0,Manali,Adventure,2025-05-21,87027,New
TE11217,42.0,131365.0,Singapore,Family,2025-09-26,75604,New
TE11218,53.0,97237.0,Goa,Leisure,2025-07-09,81947,New
TE11219,56.0,140207.0,London,Adventure,2025-09-03,77588,Contacted
TE11220,39.0,55782.0,Singapore,Leisure,2025-02-08,61884,New
TE11221,49.0,43928.0,Manali,Family,2025-10-01,10000,Converted
TE11222,44.0,138447.0,Goa,Honeymoon,2025-06-04,125664,Contacted
TE11223,64.0,209495.0,Dubai,Family,2025-04-15,96550,Converted
TE11224,49.0,141714.0,Manali,Adventure,2025-08-26,33050,Converted
TE11225,38.0,199407.0,Manali,Family,2025-02-19,101560,Contacted
TE11226,64.0,59275.0,Thailand,Family,2025-07-01,69344,Closed
TE11227,23.0,122259.0,Kerala,Leisure,2025-06-03,70336,Closed
TE11228,65.0,160241.0,Manali,Leisure,2025-03-02,58105,Contacted
TE11229,25.0,98661.0,Kerala,Leisure,2025-12-13,103793,New
TE11230,31.0,21276.0,Manali,Business,2025-05-13,57006,Contacted
TE11231,57.0,35039.0,London,Honeymoon,2025-01-15,46611,New
TE11232,53.0,233219.0,Goa,Leisure,2025-06-11,124611,Contacted
TE11233,64.0,158392.0,Bali,Adventure,2025-12-18,78739,Contacted
TE11234,53.0,79381.0,Bali,Family,2025-09-01,79838,Contacted
TE11235,48.0,78046.0,Goa,Leisure,2025-08-20,109236,Converted
TE11236,34.0,27178.0,Manali,Business,2025-11-24,61634,New
TE11237,18.0,237189.0,Paris,Business,2025-01-31,68615,Contacted
TE11238,23.0,43113.0,Thailand,Adventure,2025-07-20,95700,New
TE11239,32.0,194194.0,Kerala,Leisure,2025-04-27,31052,Converted
TE11240,19.0,73737.0,Singapore,Adventure,2025-09-04,92738,Contacted
TE11241,42.0,95865.0,Ladakh,Family,2025-11-07,58550,New
TE11242,55.0,81546.0,Ladakh,Business,2025-01-29,114942,Converted
TE11243,64.0,209289.0,Jaipur,Adventure,2025-02-27,104133,New
TE11244,41.0,25611.0,Jaipur,Adventure,2025-12-14,99509,Converted
TE11245,60.0,99731.0,Bali,Adventure,2025-06-29,28756,Contacted
TE11246,65.0,82810.0,Dubai,Leisure,2025-04-25,81381,Contacted
TE11247,59.0,81325.0,Thailand,Leisure,2025-02-25,43796,Converted
TE11248,40.0,62762.0,Goa,Family,2025-05-09,83710,Closed
TE11249,33.0,229688.0,Manali,Honeymoon,2025-01-02,10000,Converted
TE11250,64.0,105840.0,Ladakh,Leisure,2025-03-23,31071,Contacted
TE11251,29.0,115024.0,Dubai,Adventure,2025-03-08,126616,Converted
TE11252,37.0,107359.0,Manali,Business,2025-01-31,97917,Contacted
TE11253,21.0,245411.0,Manali,Business,2025-12-19,72616,Converted
TE11254,56.0,96650.0,Kerala,Honeymoon,2025-10-15,53194,Converted
TE11255,49.0,97271.0,Thailand,Family,2025-12-09,47051,New
TE11256,22.0,94078.0,Goa,Family,2025-03-29,92005,New
TE11257,28.0,93856.0,Goa,Adventure,2025-04-15,72973,New
TE11258,44.0,38817.0,Jaipur,Adventure,2025-04-13,139133,New
TE11259,43.0,158192.0,Kashmir,Adventure,2025-07-23,78533,Contacted
TE11260,56.0,23847.0,Dubai,Honeymoon,2025-03-08,87055,New
TE11261,30.0,70421.0,Kashmir,Honeymoon,2025-03-27,36402,Contacted
TE11262,62.0,64890.0,Thailand,Honeymoon,2025-12-21,72376,New
TE11263,39.0,85625.0,Dubai,Honeymoon,2025-05-09,91195,New
TE11264,57.0,193543.0,Ladakh,Leisure,2025-10-12,71953,Converted
TE11265,29.0,157083.0,Singapore,Honeymoon,2025-03-25,68003,Contacted
TE11266,19.0,247868.0,Jaipur,Business,2025-12-05,96442,Contacted
TE11267,20.0,99478.0,Paris,Honeymoon,2025-09-10,138019,Converted
TE11268,35.0,233419.0,Ladakh,Family,2025-11-10,90074,Closed
TE11269,63.0,28419.0,Ladakh,Adventure,2025-07-07,125047,Contacted
TE11270,20.0,134979.0,Bali,Honeymoon,2025-11-26,106756,New
TE11271,35.0,203333.0,London,Family,2025-05-13,122952,New
TE11272,23.0,141383.0,Jaipur,Adventure,2025-06-24,63660,Closed
TE11273,62.0,234528.0,Ladakh,Family,2025-01-23,77758,Converted
TE11274,50.0,90983.0,Thailand,Leisure,2025-03-04,77903,Converted
TE11275,54.0,25733.0,Manali,Business,2025-10-08,104120,Converted
TE11276,52.0,197554.0,Goa,Honeymoon,2025-04-29,112734,New
TE11277,49.0,33777.0,Paris,Adventure,2025-02-07,89377,Contacted
TE11278,55.0,195424.0,Thailand,Honeymoon,2025-04-17,115685,Converted
TE11279,,188153.0,Dubai,Leisure,2025-05-09,65283,Closed
TE11280,59.0,213872.0,Bali,Adventure,2025-09-19,115988,New
TE11281,53.0,129111.0,Goa,Honeymoon,2025-02-02,120553,Contacted
TE11282,53.0,225757.0,Dubai,Leisure,2025-01-10,108712,New
TE11283,36.0,57401.0,Kerala,Honeymoon,2025-09-21,89696,Closed
TE11284,56.0,118769.0,Goa,Business,2025-02-21,109966,New
TE11285,36.0,46265.0,Thailand,Family,2025-06-02,53710,Converted
TE11286,20.0,195915.0,Manali,Adventure,2025-09-06,91943,New
TE11287,61.0,183711.0,Thailand,Honeymoon,2025-07-07,95518,Contacted
TE11288,29.0,205085.0,Manali,Adventure,2025-02-14,38467,Converted
TE11289,22.0,195328.0,London,Honeymoon,2025-09-20,101610,New
TE11290,47.0,89562.0,Kerala,Honeymoon,2025-01-18,41291,Converted
TE11291,29.0,33791.0,Goa,Leisure,2025-03-26,70023,Closed
TE11292,59.0,233585.0,Goa,Leisure,2025-02-09,86392,Closed
TE11293,39.0,132334.0,Goa,Leisure,2025-07-06,59424,New
TE11294,18.0,39887.0,Kerala,Leisure,2025-09-09,87889,Converted
TE11295,63.0,233079.0,Ladakh,Adventure,2025-08-25,87329,Contacted
TE11296,42.0,248671.0,Paris,Leisure,2025-02-20,56294,Contacted
TE11297,30.0,121355.0,Jaipur,Business,2025-05-05,104879,Contacted
TE11298,50.0,196661.0,Kerala,Business,2025-02-23,58255,Contacted
TE11299,43.0,26421.0,Kerala,Leisure,2025-05-05,165079,New
TE11300,19.0,39638.0,Singapore,Adventure,2025-03-25,81168,Contacted
TE11301,54.0,82163.0,Jaipur,Honeymoon,2025-09-27,44005,New
TE11302,37.0,170245.0,Bali,Honeymoon,2025-10-01,50548,New
TE11303,51.0,48954.0,London,Family,2025-10-25,125165,New
TE11304,60.0,25929.0,Dubai,Business,2025-03-14,70680,New
TE11305,47.0,173155.0,Goa,Honeymoon,2025-01-05,37268,Converted
TE11306,50.0,196684.0,Goa,Honeymoon,2025-01-13,114880,Contacted
TE11307,30.0,189498.0,Kerala,Family,2025-11-04,70455,New
TE11308,29.0,203420.0,Dubai,Family,2025-11-26,107870,Converted
TE11309,37.0,204262.0,Kashmir,Adventure,2025-03-19,117745,Closed
TE11310,58.0,157759.0,Singapore,Family,2025-11-15,94606,Closed
TE11311,43.0,138504.0,Kerala,Business,2025-07-12,168857,Converted
TE11312,34.0,216792.0,Ladakh,Adventure,2025-03-09,24634,Closed
TE11313,55.0,98742.0,Manali,Leisure,2025-04-24,56372,Contacted
TE11314,58.0,40709.0,Ladakh,Family,2025-04-07,76042,Closed
TE11315,61.0,192456.0,Goa,Honeymoon,2025-10-05,164141,Closed
TE11316,32.0,82014.0,Kerala,Business,2025-03-10,147930,New
TE11317,52.0,245095.0,Kashmir,Family,2025-03-08,130104,Closed
TE11318,46.0,114089.0,Ladakh,Honeymoon,2025-09-19,57206,Converted
TE11319,39.0,215616.0,Thailand,Adventure,2025-04-21,61287,Converted
TE11320,37.0,27850.0,Paris,Family,2025-04-02,56000,Closed
TE11321,23.0,170942.0,Ladakh,Family,2025-10-22,57580,Contacted
TE11322,31.0,121986.0,Kerala,Adventure,2025-12-06,137245,Contacted
TE11323,44.0,125324.0,Kerala,Honeymoon,2025-07-22,76468,Contacted
TE11324,60.0,79529.0,Goa,Business,2025-10-29,81098,Converted
TE11325,59.0,243317.0,Manali,Adventure,2025-11-03,112104,Closed
TE11326,27.0,109114.0,Kerala,Leisure,2025-08-03,26777,Closed
TE11327,50.0,215312.0,Goa,Business,2025-10-30,86843,Converted
TE11328,22.0,116624.0,Bali,Business,2025-01-04,46609,Closed
TE11329,50.0,29200.0,Thailand,Business,2025-01-13,74695,New
TE11330,34.0,222024.0,Kashmir,Adventure,2025-11-18,64475,Closed
TE11331,39.0,60945.0,Goa,Honeymoon,2025-02-21,62671,New
TE11332,52.0,80719.0,Kashmir,Honeymoon,2025-09-22,92895,Contacted
TE11333,38.0,217777.0,Goa,Honeymoon,2025-06-02,92742,New
TE11334,56.0,225349.0,Jaipur,Business,2025-10-14,77306,Contacted
TE11335,43.0,230687.0,Thailand,Business,2025-08-31,97974,Contacted
TE11336,65.0,,Goa,Family,2025-01-27,54598,New
TE11337,48.0,193618.0,Goa,Leisure,2025-05-03,108856,Contacted
TE11338,32.0,94051.0,Goa,Leisure,2025-09-15,77783,Converted
TE11339,55.0,189771.0,Jaipur,Business,2025-12-02,68072,New
TE11340,37.0,134583.0,Ladakh,Business,2025-10-20,57183,Converted
TE11341,43.0,30054.0,Goa,Leisure,2025-11-21,76551,New
TE11342,24.0,114916.0,Goa,Adventure,2025-12-15,150472,New
TE11343,23.0,126512.0,Kerala,Adventure,2025-11-22,82784,New
TE11344,45.0,77710.0,Manali,Adventure,2025-07-31,44946,Contacted
TE11345,26.0,104877.0,Bali,Honeymoon,2025-05-03,117159,Converted
TE11346,65.0,134622.0,Kashmir,Family,2025-07-04,68483,Contacted
TE11347,59.0,29530.0,Bali,Family,2025-10-17,94932,Converted
TE11348,51.0,53218.0,Thailand,Family,2025-06-04,63802,Contacted
TE11349,53.0,195894.0,Jaipur,Honeymoon,2025-10-30,129827,Converted
TE11350,46.0,99648.0,Ladakh,Honeymoon,2025-09-13,64323,Closed
TE11351,20.0,159145.0,Manali,Leisure,2025-03-18,133925,Contacted
TE11352,36.0,149263.0,Goa,Leisure,2025-12-02,48276,New
TE11353,41.0,145883.0,Singapore,Adventure,2025-11-05,74748,New
TE11354,61.0,113911.0,Goa,Family,2025-08-07,134000,Contacted
TE11355,28.0,130129.0,Thailand,Business,2025-03-12,90886,Contacted
TE11356,41.0,209148.0,Bali,Business,2025-03-24,164501,New
TE11357,34.0,241892.0,Kashmir,Honeymoon,2025-11-02,75580,Closed
TE11358,24.0,77559.0,Dubai,Leisure,2025-01-07,93996,Closed
TE11359,22.0,173318.0,Jaipur,Leisure,2025-06-26,151680,New
TE11360,35.0,242987.0,Bali,Family,2025-08-14,32013,New
TE11361,21.0,19759.0,Manali,Family,2025-03-26,27679,New
TE11362,21.0,200056.0,Kerala,Honeymoon,2025-11-11,57157,Contacted
TE11363,34.0,133262.0,Singapore,Leisure,2025-07-10,113468,Closed
TE11364,27.0,242482.0,London,Business,2025-01-25,28655,Contacted
TE11365,44.0,152158.0,Bali,Family,2025-04-27,105897,New
TE11366,18.0,212448.0,Goa,Family,2025-05-25,103435,Contacted
TE11367,32.0,56515.0,Jaipur,Leisure,2025-03-23,155504,New
TE11368,39.0,50968.0,Kerala,Business,2025-12-09,121592,Contacted
TE11369,64.0,232967.0,Manali,Family,2025-05-12,97742,Contacted
TE11370,48.0,140139.0,Jaipur,Adventure,2025-07-02,132570,Contacted
TE11371,60.0,147536.0,Dubai,Adventure,2025-07-14,103862,Contacted
TE11372,34.0,57435.0,Goa,Adventure,2025-03-22,68898,Closed
TE11373,39.0,70601.0,Jaipur,Leisure,2025-07-26,44939,New
TE11374,38.0,207829.0,Manali,Business,2025-05-09,65072,Converted
TE11375,60.0,88372.0,Kerala,Business,2025-01-04,83597,New
TE11376,64.0,153526.0,Manali,Business,2025-05-29,91126,New
TE11377,64.0,91436.0,Bali,Adventure,2025-08-01,10268,Closed
TE11378,54.0,79120.0,Manali,Family,2025-02-12,77315,Converted
TE11379,42.0,56516.0,Thailand,Family,2025-10-11,86000,New
TE11380,43.0,,Goa,Family,2025-08-29,104164,Contacted
TE11381,65.0,236095.0,Kerala,Family,2025-04-23,141938,Converted
TE11382,31.0,44723.0,Dubai,Family,2025-08-04,91498,Closed
TE11383,34.0,99954.0,Manali,Honeymoon,2025-04-21,53165,Contacted
TE11384,61.0,148816.0,Jaipur,Leisure,2025-08-24,21367,New
TE11385,36.0,106922.0,Thailand,Leisure,2025-02-26,109045,Contacted
TE11386,29.0,185282.0,Kashmir,Business,2025-08-11,54582,New
TE11387,44.0,78373.0,Dubai,Business,2025-01-21,115339,New
TE11388,33.0,31652.0,Manali,Business,2025-01-07,133910,Contacted
TE11389,60.0,96169.0,Bali,Adventure,2025-04-03,30957,Converted
TE11390,61.0,156703.0,Kerala,Family,2025-03-05,104386,New
TE11391,32.0,59908.0,Manali,Leisure,2025-06-28,130242,Converted
TE11392,43.0,207289.0,Bali,Adventure,2025-03-02,120666,Converted
TE11393,,20841.0,Jaipur,Honeymoon,2025-03-30,11627,Converted
TE11394,53.0,33666.0,Singapore,Adventure,2025-02-05,55122,New
TE11395,28.0,136050.0,Dubai,Family,2025-11-19,40194,Contacted
TE11396,46.0,136840.0,Jaipur,Leisure,2025-09-25,103322,New
TE11397,47.0,86413.0,Manali,Family,2025-03-21,99466,New
TE11398,49.0,77985.0,Bali,Honeymoon,2025-02-13,10000,New
TE11399,19.0,34196.0,Manali,Family,2025-11-06,74471,New
TE11400,32.0,171799.0,Bali,Family,2025-09-01,113025,New
TE11401,59.0,105934.0,Ladakh,Business,2025-11-19,90179,New
TE11402,29.0,45533.0,Bali,Adventure,2025-03-06,90119,Closed
TE11403,32.0,110763.0,Goa,Adventure,2025-05-11,72225,Converted
TE11404,33.0,235396.0,Dubai,Honeymoon,2025-02-13,47937,New
TE11405,26.0,78607.0,Jaipur,Family,2025-06-04,84403,Closed
TE11406,25.0,225577.0,Kerala,Business,2025-03-01,86823,New
TE11407,34.0,78028.0,Kashmir,Leisure,2025-01-02,106534,Contacted
TE11408,59.0,61146.0,Paris,Leisure,2025-07-05,109377,Converted
TE11409,18.0,78469.0,Thailand,Adventure,2025-12-23,88005,Contacted
TE11410,31.0,92998.0,Manali,Family,2025-08-23,123322,New
TE11411,20.0,45981.0,Paris,Business,2025-10-03,71878,Contacted
TE11412,44.0,154331.0,Goa,Family,2025-10-23,34459,Contacted
TE11413,30.0,95360.0,Bali,Family,2025-12-20,101697,Contacted
TE11414,56.0,184591.0,Manali,Leisure,2025-02-16,89423,Contacted
TE11415,46.0,131910.0,Manali,Family,2025-04-02,102393,Contacted
TE11416,55.0,120696.0,Bali,Family,2025-08-13,40744,New
TE11417,48.0,127271.0,Kerala,Family,2025-10-26,147678,Contacted
TE11418,39.0,54259.0,Goa,Honeymoon,2025-10-09,109868,New
TE11419,59.0,183388.0,Goa,Family,2025-09-22,74920,Closed
TE11420,40.0,42163.0,Jaipur,Leisure,2025-04-24,52259,Converted
TE11421,63.0,185395.0,Dubai,Leisure,2025-05-13,122700,Contacted
TE11422,65.0,249946.0,Manali,Leisure,2025-01-30,46438,Converted
TE11423,46.0,195248.0,Kerala,Honeymoon,2025-04-25,164148,New
TE11424,50.0,123642.0,Manali,Business,2025-02-26,63538,New
TE11425,30.0,90958.0,Kerala,Business,2025-12-08,145218,Contacted
TE11426,57.0,220428.0,Paris,Adventure,2025-02-03,78543,Contacted
TE11427,50.0,77668.0,Manali,Leisure,2025-05-13,140326,Converted
TE11428,61.0,129911.0,Goa,Honeymoon,2025-11-19,59280,Closed
TE11429,30.0,196843.0,Manali,Leisure,2025-12-14,85659,Contacted
TE11430,55.0,231987.0,Goa,Honeymoon,2025-05-18,113166,Contacted
TE11431,40.0,231662.0,Dubai,Adventure,2025-06-19,108173,Contacted
TE11432,26.0,38360.0,Thailand,Business,2025-07-10,123527,New
TE11433,26.0,226397.0,Ladakh,Honeymoon,2025-10-27,67938,New
TE11434,44.0,44452.0,Paris,Honeymoon,2025-10-07,87968,Closed
TE11435,33.0,153599.0,Kerala,Family,2025-07-10,128694,Converted
TE11436,22.0,233675.0,Kerala,Business,2025-05-16,60316,Closed
TE11437,38.0,169915.0,Ladakh,Family,2025-05-16,105039,New
TE11438,49.0,237819.0,Manali,Honeymoon,2025-08-25,77329,New
TE11439,33.0,97885.0,Dubai,Adventure,2025-11-01,92206,Contacted
TE11440,63.0,91014.0,Dubai,Family,2025-01-28,87959,Closed
TE11441,55.0,93682.0,Goa,Business,2025-10-07,57410,New
TE11442,42.0,100398.0,Dubai,Adventure,2025-06-25,75876,New
TE11443,62.0,176411.0,Thailand,Leisure,2025-02-22,90073,New
TE11444,38.0,122968.0,Kashmir,Adventure,2025-02-05,81405,Converted
TE11445,24.0,189084.0,Goa,Adventure,2025-05-03,140046,Converted
TE11446,19.0,114549.0,Jaipur,Family,2025-04-01,120348,Converted
TE11447,63.0,89392.0,Paris,Leisure,2025-02-07,95149,New
TE11448,64.0,62090.0,Jaipur,Leisure,2025-04-17,58290,Converted
TE11449,53.0,145845.0,Kerala,Adventure,2025-10-31,56159,Contacted
TE11450,22.0,226423.0,Goa,Family,2025-09-19,154083,New
TE11451,32.0,217281.0,Thailand,Leisure,2025-03-18,49654,New
TE11452,19.0,76767.0,London,Adventure,2025-09-03,88985,Contacted
TE11453,20.0,128811.0,Singapore,Adventure,2025-06-14,97633,New
TE11454,29.0,181623.0,Singapore,Leisure,2025-09-29,74104,Closed
TE11455,45.0,160083.0,Kerala,Adventure,2025-04-01,49923,Contacted
TE11456,21.0,33580.0,Dubai,Adventure,2025-01-23,57529,Contacted
TE11457,65.0,155126.0,Manali,Leisure,2025-04-24,65872,Converted
TE11458,39.0,26990.0,Kerala,Honeymoon,2025-12-28,60168,Converted
TE11459,30.0,45027.0,Goa,Leisure,2025-07-22,131470,New
TE11460,42.0,169666.0,Ladakh,Family,2025-01-20,84681,Contacted
TE11461,55.0,41791.0,Paris,Honeymoon,2025-12-22,66667,New
TE11462,33.0,96652.0,Paris,Business,2025-10-28,88744,Contacted
TE11463,20.0,154515.0,Dubai,Family,2025-07-17,108378,Converted
TE11464,20.0,170067.0,Kashmir,Family,2025-09-27,72938,Contacted
TE11465,58.0,121409.0,Manali,Honeymoon,2025-03-09,116569,Contacted
TE11466,23.0,39813.0,Manali,Business,2025-08-04,40510,New
TE11467,48.0,203393.0,Manali,Adventure,2025-11-29,125996,Contacted
TE11468,36.0,238366.0,Singapore,Honeymoon,2025-06-09,84687,New
TE11469,55.0,224183.0,London,Family,2025-01-15,83320,Closed
TE11470,20.0,191656.0,Manali,Leisure,2025-10-03,60744,Contacted
TE11471,61.0,111315.0,Thailand,Honeymoon,2025-09-23,42025,Closed
TE11472,51.0,221294.0,Dubai,Business,2025-09-27,26666,Contacted
TE11473,39.0,131257.0,Singapore,Leisure,2025-08-25,58303,Converted
TE11474,27.0,49661.0,,Leisure,2025-02-19,105569,New
TE11475,64.0,215327.0,Jaipur,Business,2025-02-11,51355,New
TE11476,32.0,92277.0,Singapore,Family,2025-10-16,30804,New
TE11477,41.0,235779.0,Kerala,Adventure,2025-11-08,53183,New
TE11478,36.0,103456.0,Manali,Honeymoon,2025-01-29,71531,Closed
TE11479,29.0,219700.0,Ladakh,Adventure,2025-07-31,72907,Converted
TE11480,37.0,142624.0,London,Adventure,2025-07-02,80489,Contacted
TE11481,25.0,126436.0,Jaipur,Adventure,2025-05-08,121141,Contacted
TE11482,18.0,86873.0,Singapore,Family,2025-08-23,128724,Contacted
TE11483,31.0,211883.0,Ladakh,Leisure,2025-11-29,155191,Contacted
TE11484,23.0,32066.0,Manali,Adventure,2025-10-27,28128,Converted
TE11485,37.0,126779.0,Thailand,Adventure,2025-02-25,55044,Contacted
TE11486,59.0,103580.0,Dubai,Leisure,2025-06-18,109447,Converted
TE11487,25.0,144067.0,Bali,Honeymoon,2025-12-07,69109,New
TE11488,18.0,77055.0,Goa,Leisure,2025-03-28,115128,Closed
TE11489,23.0,172186.0,Dubai,Business,2025-11-07,92249,New
TE11490,42.0,107534.0,Kerala,Leisure,2025-06-28,140272,Contacted
TE11491,31.0,61646.0,Kerala,Adventure,2025-07-09,121495,Closed
TE11492,41.0,63694.0,Thailand,Leisure,2025-04-02,122136,New
TE11493,19.0,179589.0,London,Adventure,2025-12-01,70584,New
TE11494,33.0,78760.0,Goa,Honeymoon,2025-07-12,81589,Contacted
TE11495,37.0,89283.0,Dubai,Leisure,2025-07-29,74316,Contacted
TE11496,38.0,163453.0,Dubai,Family,2025-06-18,32294,Closed
TE11497,44.0,94510.0,Jaipur,Honeymoon,2025-02-02,136512,Converted
TE11498,55.0,108052.0,Jaipur,Family,2025-10-12,111089,Contacted
TE11499,40.0,74719.0,Thailand,Leisure,2025-04-30,72924,Closed
TE11500,58.0,98129.0,Bali,Honeymoon,2025-03-29,130661,Contacted
TE11501,43.0,178725.0,Goa,Leisure,2025-10-12,62937,Closed
TE11502,30.0,141866.0,Jaipur,Leisure,2025-03-14,20665,New
TE11503,28.0,249428.0,Kerala,Family,2025-09-06,120258,Contacted
TE11504,33.0,197072.0,Jaipur,Adventure,2025-06-22,40250,New
TE11505,46.0,21905.0,Goa,Leisure,2025-10-19,78148,New
TE11506,29.0,105897.0,Paris,Honeymoon,2025-01-19,92214,Converted
TE11507,61.0,85245.0,Paris,Family,2025-10-09,98491,New
TE11508,41.0,154305.0,Manali,Business,2025-03-25,114694,Contacted
TE11509,59.0,79632.0,Bali,Family,2025-11-13,105330,Converted
TE11510,50.0,242159.0,Dubai,Family,2025-05-09,104246,New
TE11511,34.0,87455.0,Kerala,Business,2025-01-03,57324,Contacted
TE11512,28.0,139099.0,Jaipur,Leisure,2025-06-27,95299,Converted
TE11513,53.0,46515.0,Thailand,Adventure,2025-01-20,32306,Closed
TE11514,33.0,229073.0,Goa,Honeymoon,2025-04-09,139675,New
TE11515,29.0,229550.0,Goa,Adventure,2025-09-18,35910,Closed
TE11516,62.0,202132.0,Dubai,Business,2025-07-24,72875,Converted
TE11517,41.0,99578.0,Jaipur,Adventure,2025-09-15,38839,Converted
TE11518,20.0,31622.0,Dubai,Family,2025-11-16,59444,Contacted
TE11519,41.0,182944.0,Bali,Business,2025-06-20,85470,Converted
TE11520,40.0,117551.0,Manali,Adventure,2025-07-17,66493,Converted
TE11521,59.0,247768.0,Goa,Business,2025-01-22,125049,New
TE11522,52.0,180010.0,Paris,Leisure,2025-04-15,92942,Closed
TE11523,27.0,142963.0,Bali,Adventure,2025-09-21,68798,Closed
TE11524,25.0,246918.0,Thailand,Family,2025-01-23,80325,Contacted
TE11525,46.0,203709.0,Bali,Family,2025-05-11,127690,Converted
TE11526,20.0,124343.0,Kerala,Business,2025-02-19,116810,Contacted
TE11527,33.0,22374.0,Bali,Business,2025-11-09,45143,Converted
TE11528,24.0,39526.0,Singapore,Honeymoon,2025-07-24,61177,Converted
TE11529,18.0,120942.0,Manali,Honeymoon,2025-08-23,101618,New
TE11530,62.0,148386.0,Kerala,Adventure,2025-09-06,97368,New
TE11531,22.0,24995.0,Bali,Business,2025-03-23,48237,New
TE11532,18.0,47362.0,Dubai,Honeymoon,2025-01-19,111219,Closed
TE11533,62.0,181397.0,Singapore,Leisure,2025-05-25,53819,Contacted
TE11534,27.0,192353.0,Jaipur,Business,2025-03-09,130634,Closed
TE11535,57.0,24916.0,Jaipur,Adventure,2025-04-28,103531,Contacted
TE11536,19.0,135781.0,Goa,Family,2025-04-27,45383,New
TE11537,25.0,36786.0,Singapore,Family,2025-10-12,66482,Closed
TE11538,23.0,185836.0,Thailand,Business,2025-04-27,65874,Contacted
TE11539,51.0,211505.0,Manali,Adventure,2025-02-25,90596,Contacted
TE11540,47.0,219692.0,Paris,Adventure,2025-12-15,77861,New
TE11541,40.0,156777.0,Goa,Leisure,2025-01-18,44908,New
TE11542,29.0,163916.0,Goa,Adventure,2025-03-16,36201,New
TE11543,22.0,232970.0,London,Leisure,2025-05-07,104216,Contacted
TE11544,45.0,160086.0,Jaipur,Family,2025-01-23,95018,Contacted
TE11545,29.0,121536.0,Dubai,Business,2025-11-24,88694,New
TE11546,46.0,193061.0,,Family,2025-05-09,94476,New
TE11547,50.0,155075.0,London,Business,2025-10-12,63338,New
TE11548,58.0,213450.0,Manali,Business,2025-02-18,91440,Contacted
TE11549,41.0,139731.0,Bali,Leisure,2025-07-09,173848,Closed
TE11550,18.0,219621.0,Dubai,Family,2025-02-16,126110,Contacted
TE11551,31.0,28408.0,Goa,Family,2025-03-26,74906,New
TE11552,58.0,26451.0,Singapore,Adventure,2025-05-29,66682,Contacted
TE11553,43.0,40977.0,Goa,Business,2025-11-11,10000,Closed
TE11554,47.0,147036.0,Singapore,Adventure,2025-04-22,122404,Converted
TE11555,39.0,182483.0,Manali,Leisure,2025-10-02,112531,Converted
TE11556,25.0,68174.0,Bali,Family,2025-02-03,65966,Closed
TE11557,61.0,54133.0,Bali,Adventure,2025-04-02,34890,Contacted
TE11558,55.0,217601.0,Bali,Adventure,2025-08-08,44566,Closed
TE11559,65.0,192125.0,Goa,Family,2025-06-20,100554,New
TE11560,59.0,168428.0,Bali,Honeymoon,2025-07-02,81873,Converted
TE11561,31.0,131301.0,London,Adventure,2025-09-04,109206,Closed
TE11562,30.0,115492.0,Manali,Adventure,2025-01-29,88026,Closed
TE11563,29.0,22762.0,,Leisure,2025-09-11,118837,Contacted
TE11564,62.0,61640.0,Ladakh,Adventure,2025-11-11,97935,Converted
TE11565,44.0,226103.0,Manali,Family,2025-10-06,114008,New
TE11566,39.0,96653.0,Singapore,Honeymoon,2025-04-14,11861,Contacted
TE11567,64.0,181454.0,Bali,Adventure,2025-05-08,41798,Contacted
TE11568,46.0,181277.0,Goa,Leisure,2025-12-16,72248,Contacted
TE11569,61.0,89786.0,Kerala,Family,2025-10-15,122785,Converted
TE11570,65.0,65411.0,Kerala,Honeymoon,2025-12-06,150819,New
TE11571,21.0,178467.0,Dubai,Leisure,2025-11-29,79252,New
TE11572,35.0,39711.0,Thailand,Family,2025-06-08,63595,New
TE11573,53.0,132799.0,Manali,Leisure,2025-02-17,16576,Converted
TE11574,57.0,224023.0,Paris,Family,2025-03-25,115225,Converted
TE11575,25.0,183029.0,Thailand,Honeymoon,2025-04-18,65743,Converted
TE11576,33.0,195297.0,Manali,Honeymoon,2025-10-31,188542,New
TE11577,44.0,37318.0,Ladakh,Honeymoon,2025-04-11,59121,Converted
TE11578,56.0,64352.0,Goa,Honeymoon,2025-05-12,158685,Converted
TE11579,23.0,81823.0,Jaipur,Adventure,2025-11-06,111193,New
TE11580,46.0,85816.0,Goa,Business,2025-03-01,49011,New
TE11581,32.0,63027.0,Singapore,Adventure,2025-08-30,93125,Contacted
TE11582,28.0,243521.0,Ladakh,Adventure,2025-07-20,111998,Contacted
TE11583,42.0,56269.0,Thailand,Honeymoon,2025-12-25,77116,New
TE11584,37.0,182299.0,London,Adventure,2025-06-28,114329,New
TE11585,48.0,154126.0,Singapore,Leisure,2025-07-09,113559,New
TE11586,33.0,159641.0,Bali,Honeymoon,2025-11-06,105872,New
TE11587,57.0,67799.0,Jaipur,Honeymoon,2025-12-27,84423,New
TE11588,21.0,89370.0,Kashmir,Family,2025-09-23,43877,Converted
TE11589,59.0,158708.0,Singapore,Leisure,2025-09-12,82313,Contacted
TE11590,19.0,87397.0,Thailand,Honeymoon,2025-11-15,91162,Contacted
TE11591,53.0,179035.0,Manali,Leisure,2025-12-23,19338,Converted
TE11592,34.0,27169.0,Jaipur,Family,2025-09-25,90923,Contacted
TE11593,36.0,34894.0,Bali,Family,2025-04-17,81612,New
TE11594,18.0,187008.0,Manali,Honeymoon,2025-08-22,39618,New
TE11595,51.0,161088.0,Manali,Business,2025-03-27,73345,New
TE11596,25.0,28016.0,London,Leisure,2025-07-02,74085,Contacted
TE11597,49.0,226578.0,Jaipur,Leisure,2025-06-11,152553,Contacted
TE11598,52.0,19126.0,Manali,Family,2025-12-26,92704,Contacted
TE11599,58.0,239689.0,Dubai,Business,2025-07-21,121262,Contacted
TE11600,51.0,187243.0,Paris,Leisure,2025-12-16,80876,Closed
TE11601,32.0,247249.0,Singapore,Family,2025-10-22,19413,New
TE11602,53.0,238139.0,Kashmir,Family,2025-11-05,108532,Contacted
TE11603,57.0,90645.0,London,Adventure,2025-03-03,61963,Contacted
TE11604,33.0,193509.0,Singapore,Honeymoon,2025-10-10,73254,Converted
TE11605,23.0,66931.0,Bali,Adventure,2025-04-02,48146,Converted
TE11606,60.0,127420.0,Dubai,Family,2025-07-30,87547,Converted
TE11607,25.0,73705.0,Thailand,Business,2025-04-05,122281,New
TE11608,46.0,130762.0,Manali,Adventure,2025-12-25,117646,Contacted
TE11609,29.0,220384.0,Goa,Leisure,2025-11-15,140517,Converted
TE11610,24.0,119184.0,London,Business,2025-07-29,145479,Contacted
TE11611,55.0,39435.0,Thailand,Adventure,2025-01-04,13394,Closed
TE11612,24.0,93317.0,Dubai,Honeymoon,2025-03-08,43223,Contacted
TE11613,50.0,200474.0,Singapore,Honeymoon,2025-03-24,21713,Contacted
TE11614,51.0,139038.0,Jaipur,Family,2025-12-20,107118,Contacted
TE11615,20.0,147963.0,Dubai,Leisure,2025-05-27,60742,Contacted
TE11616,26.0,118027.0,Dubai,Business,2025-01-18,67879,Converted
TE11617,56.0,85924.0,Goa,Honeymoon,2025-08-02,77419,New
TE11618,42.0,156775.0,Kerala,Family,2025-12-12,98390,Contacted
TE11619,23.0,164877.0,Jaipur,Business,2025-07-24,33014,Contacted
TE11620,65.0,226364.0,Jaipur,Honeymoon,2025-06-11,40940,Closed
TE11621,30.0,161325.0,Manali,Honeymoon,2025-03-05,85045,Contacted
TE11622,18.0,248843.0,Kashmir,Leisure,2025-11-16,126956,Closed
TE11623,62.0,209766.0,Singapore,Honeymoon,2025-02-08,84111,Closed
TE11624,18.0,36268.0,Thailand,Adventure,2025-12-06,57292,New
TE11625,44.0,108984.0,Goa,Leisure,2025-03-22,10000,Closed
TE11626,65.0,107246.0,Singapore,Adventure,2025-02-20,118344,Closed
TE11627,45.0,18700.0,Thailand,Leisure,2025-05-07,59242,New
TE11628,46.0,59924.0,Dubai,Leisure,2025-01-02,44840,Contacted
TE11629,36.0,194828.0,Manali,Honeymoon,2025-01-06,24964,New
TE11630,24.0,99692.0,Dubai,Family,2025-03-09,34631,Contacted
TE11631,45.0,52307.0,Dubai,Adventure,2025-09-10,51358,New
TE11632,61.0,84694.0,Jaipur,Leisure,2025-10-24,76640,Converted
TE11633,22.0,81731.0,Dubai,Honeymoon,2025-04-01,42694,Contacted
TE11634,60.0,58492.0,Dubai,Honeymoon,2025-08-23,91500,Contacted
TE11635,37.0,41476.0,Singapore,Family,2025-05-08,76374,New
TE11636,43.0,195266.0,Goa,Leisure,2025-06-07,162770,Converted
TE11637,25.0,209290.0,Dubai,Leisure,2025-05-02,25344,Contacted
TE11638,47.0,133139.0,Singapore,Leisure,2025-11-21,90652,Contacted
TE11639,26.0,160788.0,Manali,Leisure,2025-07-06,91090,New
TE11640,31.0,231265.0,Manali,Business,2025-07-04,48930,New
TE11641,52.0,213498.0,Manali,Adventure,2025-11-09,88334,Contacted
TE11642,20.0,25561.0,Goa,Honeymoon,2025-08-28,111936,Closed
TE11643,39.0,239086.0,Jaipur,Business,2025-02-24,88377,New
TE11644,46.0,33538.0,Goa,Business,2025-05-05,133456,Converted
TE11645,24.0,24164.0,Dubai,Adventure,2025-02-05,10000,New
TE11646,32.0,111559.0,London,Family,2025-09-09,55522,Converted
TE11647,34.0,191038.0,Kashmir,Family,2025-06-30,136627,New
TE11648,49.0,36624.0,Manali,Leisure,2025-01-17,116921,Contacted
TE11649,64.0,85973.0,Dubai,Honeymoon,2025-05-26,103918,Contacted
TE11650,58.0,78953.0,Jaipur,Family,2025-10-30,128163,New
TE11651,27.0,110192.0,Thailand,Adventure,2025-11-27,17920,New
TE11652,18.0,246759.0,Ladakh,Family,2025-12-17,112846,Contacted
TE11653,20.0,94888.0,Goa,Honeymoon,2025-12-02,122253,Contacted
TE11654,46.0,66478.0,Goa,Leisure,2025-08-10,61945,Closed
TE11655,25.0,,Paris,Honeymoon,2025-12-04,177023,Contacted
TE11656,29.0,63963.0,Thailand,Business,2025-12-15,91872,Closed
TE11657,58.0,48888.0,Thailand,Honeymoon,2025-08-20,10000,Contacted
TE11658,59.0,151085.0,Goa,Honeymoon,2025-05-31,98345,New
TE11659,58.0,115557.0,Kerala,Leisure,2025-12-18,59805,New
TE11660,30.0,133536.0,Manali,Honeymoon,2025-06-01,125775,Contacted
TE11661,47.0,211058.0,Singapore,Honeymoon,2025-03-02,104178,New
TE11662,47.0,152662.0,Kashmir,Family,2025-02-08,64073,Closed
TE11663,26.0,53999.0,Jaipur,Family,2025-07-26,137586,Converted
TE11664,44.0,105402.0,Goa,Honeymoon,2025-01-13,117881,Contacted
TE11665,43.0,90518.0,Kerala,Leisure,2025-02-13,56023,Contacted
TE11666,37.0,209809.0,Paris,Adventure,2025-07-12,79678,Contacted
TE11667,54.0,89229.0,Ladakh,Honeymoon,2025-06-24,103092,Contacted
TE11668,50.0,50150.0,Dubai,Business,2025-07-06,72251,New
TE11669,43.0,188754.0,Thailand,Adventure,2025-07-04,73296,New
TE11670,52.0,117387.0,Dubai,Family,2025-12-28,86285,New
TE11671,54.0,40240.0,Manali,Business,2025-03-21,47697,New
TE11672,45.0,178025.0,Dubai,Leisure,2025-06-22,10000,Converted
TE11673,30.0,66838.0,Goa,Adventure,2025-08-12,93370,New
TE11674,54.0,219431.0,Dubai,Leisure,2025-04-10,15389,New
TE11675,52.0,211131.0,Singapore,Adventure,2025-03-07,50244,Closed
TE11676,65.0,103740.0,Manali,Honeymoon,2025-01-17,22995,Closed
TE11677,25.0,146898.0,Goa,Adventure,2025-04-29,27304,Contacted
TE11678,38.0,149717.0,Goa,Business,2025-04-03,99922,Contacted
TE11679,62.0,169595.0,Goa,Business,2025-03-13,77219,Converted
TE11680,42.0,34040.0,Thailand,Business,2025-04-09,75956,New
TE11681,63.0,93365.0,Kashmir,Honeymoon,2025-09-11,38943,Contacted
TE11682,18.0,57514.0,Goa,Honeymoon,2025-10-29,62045,New
TE11683,19.0,179819.0,Bali,Family,2025-07-08,98176,Contacted
TE11684,56.0,34040.0,Bali,Business,2025-01-25,83177,Closed
TE11685,35.0,137935.0,London,Leisure,2025-09-25,113794,Converted
TE11686,42.0,186869.0,Dubai,Honeymoon,2025-02-25,118778,Closed
TE11687,38.0,238024.0,Dubai,Leisure,2025-01-21,76172,Converted
TE11688,37.0,84830.0,Jaipur,Adventure,2025-07-26,20171,Contacted
TE11689,63.0,19849.0,Thailand,Adventure,2025-06-04,58517,Converted
TE11690,22.0,185909.0,Bali,Honeymoon,2025-04-24,81581,Converted
TE11691,55.0,18358.0,Jaipur,Honeymoon,2025-12-18,57823,Contacted
TE11692,60.0,33404.0,Manali,Leisure,2025-02-03,48088,New
TE11693,49.0,247795.0,Bali,Honeymoon,2025-01-20,87441,Contacted
TE11694,36.0,218111.0,Thailand,Adventure,2025-08-02,170061,New
TE11695,25.0,182149.0,Paris,Leisure,2025-06-02,67913,Contacted
TE11696,50.0,211843.0,Singapore,Family,2025-10-19,84902,New
TE11697,40.0,35481.0,Paris,Family,2025-01-15,39079,Contacted
TE11698,25.0,38631.0,Jaipur,Adventure,2025-06-02,128519,New
TE11699,35.0,87792.0,Kerala,Adventure,2025-02-23,115616,New
TE11700,64.0,23511.0,Bali,Business,2025-01-15,113201,Contacted
TE11701,30.0,224089.0,London,Adventure,2025-06-18,132593,New
TE11702,26.0,31059.0,Jaipur,Business,2025-09-25,70043,Closed
TE11703,50.0,144217.0,Dubai,Business,2025-02-27,74415,Contacted
TE11704,27.0,,Paris,Adventure,2025-11-03,144846,Contacted
TE11705,62.0,188517.0,Goa,Family,2025-07-08,107145,New
TE11706,59.0,72451.0,Dubai,Honeymoon,2025-06-24,10000,Converted
TE11707,65.0,127117.0,Goa,Family,2025-12-02,100919,Contacted
TE11708,61.0,145199.0,Paris,Family,2025-04-30,64641,Contacted
TE11709,29.0,196158.0,Manali,Adventure,2025-03-14,116436,New
TE11710,28.0,116889.0,Dubai,Leisure,2025-10-14,99287,Converted
TE11711,34.0,84128.0,Ladakh,Leisure,2025-02-09,24081,Closed
TE11712,40.0,202562.0,Manali,Adventure,2025-11-14,94409,Contacted
TE11713,60.0,223664.0,Kerala,Honeymoon,2025-10-28,92372,New
TE11714,53.0,131424.0,Thailand,Adventure,2025-12-22,97721,New
TE11715,48.0,24500.0,Kerala,Leisure,2025-06-17,105144,New
TE11716,60.0,134153.0,Manali,Adventure,2025-08-15,137359,Converted
TE11717,49.0,224316.0,Dubai,Family,2025-11-18,99486,Closed
TE11718,36.0,247470.0,Kerala,Adventure,2025-02-17,85801,Closed
TE11719,37.0,111040.0,Jaipur,Adventure,2025-04-22,125179,Converted
TE11720,42.0,52830.0,Manali,Leisure,2025-06-21,163496,New
TE11721,22.0,150742.0,Jaipur,Adventure,2025-08-17,117027,Closed
TE11722,53.0,210724.0,Kerala,Adventure,2025-09-05,92217,New
TE11723,49.0,237242.0,Dubai,Business,2025-12-03,100139,New
TE11724,53.0,30005.0,Kerala,Business,2025-06-28,93962,Converted
TE11725,43.0,85407.0,Goa,Adventure,2025-03-04,85648,New
TE11726,55.0,128814.0,Dubai,Leisure,2025-03-11,160781,Converted
TE11727,63.0,40795.0,Ladakh,Leisure,2025-10-19,58783,Closed
TE11728,45.0,223630.0,Manali,Adventure,2025-06-17,125422,Converted
TE11729,39.0,44023.0,Kerala,Family,2025-08-18,80595,Converted
TE11730,23.0,172330.0,Paris,Family,2025-07-24,33185,Contacted
TE11731,55.0,231122.0,Dubai,Adventure,2025-10-23,78409,New
TE11732,61.0,176970.0,Kashmir,Adventure,2025-03-21,65863,Converted
TE11733,51.0,195064.0,Dubai,Adventure,2025-03-04,105215,Contacted
TE11734,59.0,79089.0,Manali,Family,2025-09-25,88196,Closed
TE11735,59.0,209973.0,Thailand,Honeymoon,2025-06-08,49229,New
TE11736,56.0,115109.0,Bali,Leisure,2025-10-24,136485,New
TE11737,42.0,32226.0,Singapore,Family,2025-02-16,123155,Contacted
TE11738,22.0,103047.0,Goa,Honeymoon,2025-04-09,140512,Converted
TE11739,18.0,99163.0,Goa,Honeymoon,2025-12-16,93294,Converted
TE11740,27.0,138975.0,Singapore,Family,2025-11-04,83749,Closed
TE11741,38.0,79440.0,Manali,Family,2025-01-23,109625,New
TE11742,53.0,125237.0,Manali,Honeymoon,2025-10-25,64788,Contacted
TE11743,39.0,117289.0,Bali,Adventure,2025-01-24,89552,New
TE11744,19.0,93840.0,Dubai,Family,2025-02-13,78851,New
TE11745,28.0,179525.0,Goa,Adventure,2025-11-23,33864,Contacted
TE11746,65.0,88871.0,Goa,Family,2025-02-15,89461,Contacted
TE11747,65.0,195661.0,Jaipur,Leisure,2025-04-20,69566,Contacted
TE11748,36.0,76198.0,Kerala,Adventure,2025-02-19,76511,Contacted
TE11749,56.0,218652.0,Thailand,Leisure,2025-08-06,97732,Contacted
TE11750,52.0,102691.0,Goa,Adventure,2025-01-21,129539,Converted
TE11751,62.0,27441.0,Manali,Family,2025-04-15,55293,New
TE11752,60.0,52786.0,Kerala,Family,2025-04-29,73220,New
TE11753,48.0,205052.0,Paris,Business,2025-08-25,58222,Converted
TE11754,36.0,220329.0,Jaipur,Leisure,2025-06-30,55944,Converted
TE11755,48.0,67179.0,Kashmir,Business,2025-03-12,64190,Converted
TE11756,33.0,157692.0,Kerala,Adventure,2025-06-19,78124,New
TE11757,34.0,151248.0,Paris,Honeymoon,2025-06-17,105506,Contacted
TE11758,47.0,49038.0,London,Honeymoon,2025-05-09,96216,Closed
TE11759,45.0,122863.0,Goa,Business,2025-07-14,48010,Contacted
TE11760,45.0,178976.0,Kashmir,Leisure,2025-04-29,130296,Contacted
TE11761,36.0,242374.0,Jaipur,Business,2025-05-02,118054,Closed
TE11762,37.0,214659.0,Jaipur,Leisure,2025-10-13,53459,New
TE11763,18.0,40697.0,Kashmir,Business,2025-04-02,127844,Converted
TE11764,46.0,73108.0,Jaipur,Honeymoon,2025-04-30,96443,Closed
TE11765,45.0,119317.0,Jaipur,Family,2025-02-21,79524,New
TE11766,62.0,52939.0,Dubai,Adventure,2025-09-12,97533,Converted
TE11767,42.0,150400.0,Singapore,Leisure,2025-09-15,84098,Contacted
TE11768,40.0,19999.0,Kerala,Business,2025-09-04,104078,Closed
TE11769,21.0,44337.0,Manali,Honeymoon,2025-03-03,91556,Closed
TE11770,27.0,28962.0,Bali,Business,2025-06-14,73190,Closed
TE11771,34.0,86553.0,Singapore,Honeymoon,2025-04-17,14096,New
TE11772,36.0,194843.0,Paris,Business,2025-10-05,103451,Converted
TE11773,35.0,59127.0,Goa,Business,2025-05-03,71922,Closed
TE11774,36.0,247028.0,Jaipur,Family,2025-06-01,112228,Contacted
TE11775,54.0,80534.0,Goa,Honeymoon,2025-06-15,101859,Contacted
TE11776,24.0,28412.0,Goa,Adventure,2025-10-04,72832,New
TE11777,33.0,95834.0,Jaipur,Honeymoon,2025-09-13,120805,Closed
TE11778,25.0,191553.0,Goa,Honeymoon,2025-10-26,92169,New
TE11779,32.0,42743.0,Dubai,Family,2025-06-05,90727,New
TE11780,50.0,34672.0,Singapore,Honeymoon,2025-10-26,80166,Closed
TE11781,20.0,215048.0,Dubai,Adventure,2025-11-14,143924,Closed
TE11782,34.0,155375.0,London,Honeymoon,2025-07-10,60036,Closed
TE11783,19.0,97633.0,Kashmir,Family,2025-09-05,73706,Contacted
TE11784,63.0,193410.0,Kerala,Adventure,2025-11-28,41693,New
TE11785,52.0,213884.0,Kashmir,Business,2025-11-02,110436,Contacted
TE11786,29.0,101335.0,Thailand,Leisure,2025-04-11,64625,New
TE11787,27.0,148194.0,Dubai,Honeymoon,2025-09-18,68549,Closed
TE11788,22.0,20536.0,Bali,Adventure,2025-06-12,66907,Contacted
TE11789,40.0,89023.0,Goa,Adventure,2025-02-24,87195,Contacted
TE11790,54.0,156084.0,Singapore,Leisure,2025-05-16,41223,New
TE11791,46.0,63727.0,Jaipur,Leisure,2025-12-22,10000,Contacted
TE11792,60.0,247969.0,Goa,Leisure,2025-12-15,101020,Closed
TE11793,34.0,243306.0,Dubai,Business,2025-10-14,11025,Converted
TE11794,31.0,77767.0,Kashmir,Business,2025-12-27,114895,New
TE11795,40.0,109956.0,Dubai,Family,2025-07-28,139548,New
TE11796,27.0,61962.0,Manali,Leisure,2025-10-03,79252,Contacted
TE11797,64.0,134916.0,Manali,Business,2025-03-02,130482,New
TE11798,26.0,46750.0,Jaipur,Honeymoon,2025-04-19,84151,Closed
TE11799,40.0,108700.0,Thailand,Family,2025-03-04,140973,Converted
TE11800,43.0,146819.0,Bali,Business,2025-12-08,69032,New
TE11801,20.0,159948.0,Jaipur,Family,2025-08-12,10000,Converted
TE11802,40.0,156375.0,Manali,Adventure,2025-12-06,82203,Contacted
TE11803,39.0,69369.0,Goa,Honeymoon,2025-06-01,144779,New
TE11804,30.0,201807.0,Jaipur,Family,2025-05-27,103724,Contacted
TE11805,24.0,178486.0,Ladakh,Honeymoon,2025-09-04,66964,New
TE11806,20.0,192713.0,Bali,Honeymoon,2025-07-26,96512,Contacted
TE11807,18.0,126542.0,Paris,Business,2025-05-16,118989,Converted
TE11808,41.0,225070.0,,Adventure,2025-04-26,82003,Closed
TE11809,22.0,108447.0,Jaipur,Leisure,2025-07-06,176924,New
TE11810,64.0,204940.0,Kerala,Family,2025-01-28,66890,Contacted
TE11811,29.0,65218.0,Jaipur,Honeymoon,2025-03-10,120088,New
TE11812,49.0,75366.0,Singapore,Business,2025-01-16,111668,Contacted
TE11813,50.0,140205.0,Jaipur,Adventure,2025-02-26,60506,New
TE11814,41.0,146964.0,Kashmir,Honeymoon,2025-03-14,70145,Contacted
TE11815,60.0,191122.0,Paris,Business,2025-01-28,120633,New
TE11816,23.0,86999.0,Goa,Business,2025-01-21,90068,Closed
TE11817,29.0,220455.0,Manali,Business,2025-10-26,96833,Closed
TE11818,30.0,94510.0,Jaipur,Business,2025-03-08,27741,New
TE11819,24.0,141931.0,Kerala,Honeymoon,2025-07-22,107960,Converted
TE11820,32.0,234212.0,Kerala,Adventure,2025-02-05,95055,New
TE11821,33.0,143141.0,Bali,Family,2025-12-11,82763,Converted
TE11822,54.0,176200.0,Dubai,Honeymoon,2025-03-28,97631,New
TE11823,32.0,228801.0,Singapore,Adventure,2025-09-30,70677,New
TE11824,60.0,244105.0,Bali,Honeymoon,2025-08-22,64283,Converted
TE11825,55.0,133862.0,Paris,Family,2025-10-07,76534,Contacted
TE11826,61.0,114724.0,Paris,Honeymoon,2025-08-18,68753,Contacted
TE11827,23.0,63688.0,Manali,Family,2025-07-05,161319,Contacted
TE11828,65.0,142686.0,Paris,Honeymoon,2025-10-09,116915,New
TE11829,47.0,231055.0,Ladakh,Leisure,2025-10-24,51104,New
TE11830,65.0,131011.0,Thailand,Honeymoon,2025-05-19,156270,Contacted
TE11831,35.0,98847.0,Kerala,Business,2025-12-09,69850,Contacted
TE11832,63.0,42890.0,Dubai,Business,2025-12-26,86031,New
TE11833,46.0,108418.0,Singapore,Business,2025-09-20,116410,Contacted
TE11834,21.0,72915.0,Bali,Adventure,2025-12-05,16050,Contacted
TE11835,37.0,244598.0,Dubai,Leisure,2025-02-08,76704,Converted
TE11836,24.0,140412.0,Ladakh,Honeymoon,2025-07-16,64933,Converted
TE11837,63.0,49781.0,Goa,Leisure,2025-08-25,92178,Contacted
TE11838,32.0,33630.0,Goa,Adventure,2025-12-04,97952,Contacted
TE11839,28.0,215373.0,Goa,Honeymoon,2025-02-13,82296,Contacted
TE11840,44.0,234100.0,Manali,Family,2025-10-21,80672,New
TE11841,38.0,195017.0,Thailand,Honeymoon,2025-01-29,122280,New
TE11842,22.0,46731.0,Paris,Honeymoon,2025-05-11,95552,New
TE11843,57.0,40802.0,Dubai,Leisure,2025-09-10,86450,Converted
TE11844,58.0,63931.0,Paris,Honeymoon,2025-04-16,90175,New
TE11845,53.0,192264.0,Paris,Family,2025-10-31,149256,Contacted
TE11846,47.0,195555.0,Dubai,Family,2025-12-05,91044,Contacted
TE11847,37.0,212381.0,Goa,Family,2025-02-27,66994,Contacted
TE11848,44.0,40488.0,Singapore,Family,2025-04-04,18185,Converted
TE11849,43.0,53545.0,Goa,Family,2025-01-27,34812,Converted
TE11850,25.0,226865.0,Bali,Adventure,2025-09-16,68654,New
TE11851,21.0,233469.0,Manali,Adventure,2025-11-19,81207,Converted
TE11852,30.0,186363.0,Bali,Leisure,2025-08-07,65553,Contacted
TE11853,39.0,42600.0,Ladakh,Adventure,2025-02-18,97290,New
TE11854,25.0,33920.0,Goa,Adventure,2025-03-05,65102,Converted
TE11855,23.0,30896.0,Goa,Family,2025-01-13,52993,Converted
TE11856,58.0,178509.0,Kashmir,Business,2025-06-28,106443,New
TE11857,35.0,214265.0,Jaipur,Leisure,2025-09-20,132929,Closed
TE11858,46.0,164538.0,Singapore,Adventure,2025-02-24,46249,Contacted
TE11859,43.0,78808.0,Goa,Leisure,2025-11-05,93530,Contacted
TE11860,53.0,193705.0,Dubai,Business,2025-04-02,18325,New
TE11861,53.0,31718.0,Jaipur,Honeymoon,2025-07-07,33391,New
TE11862,32.0,210142.0,Thailand,Adventure,2025-09-01,64393,Contacted
TE11863,58.0,224917.0,Dubai,Family,2025-07-16,124722,Contacted
TE11864,35.0,184658.0,Bali,Honeymoon,2025-06-23,57745,Contacted
TE11865,58.0,221990.0,Singapore,Business,2025-05-03,56436,Converted
TE11866,37.0,153993.0,Goa,Family,2025-06-06,86263,New
TE11867,23.0,126661.0,Dubai,Adventure,2025-03-28,86298,Converted
TE11868,54.0,92811.0,Manali,Honeymoon,2025-04-18,57520,Converted
TE11869,19.0,231837.0,Jaipur,Honeymoon,2025-10-02,154518,Converted
TE11870,55.0,179768.0,Singapore,Honeymoon,2025-11-18,75712,Converted
TE11871,20.0,62194.0,Jaipur,Leisure,2025-11-06,88975,Closed
TE11872,27.0,240018.0,Manali,Honeymoon,2025-05-01,70938,New
TE11873,46.0,31735.0,Bali,Leisure,2025-04-27,100399,Converted
TE11874,63.0,154305.0,Kerala,Business,2025-01-22,128224,Closed
TE11875,37.0,62206.0,Jaipur,Business,2025-04-10,143228,Contacted
TE11876,23.0,172128.0,Kerala,Family,2025-08-02,58321,New
TE11877,29.0,113735.0,Manali,Honeymoon,2025-04-08,123528,Closed
TE11878,61.0,119414.0,Singapore,Leisure,2025-09-24,104239,New
TE11879,52.0,173798.0,Paris,Business,2025-01-19,119109,New
TE11880,22.0,193420.0,Paris,Adventure,2025-05-30,81784,New
TE11881,36.0,106170.0,Manali,Adventure,2025-04-13,78454,Contacted
TE11882,30.0,249459.0,Kerala,Honeymoon,2025-06-29,117750,Contacted
TE11883,26.0,133646.0,Kerala,Business,2025-01-10,118414,Contacted
TE11884,58.0,55210.0,Dubai,Family,2025-06-02,139800,Closed
TE11885,47.0,19484.0,Thailand,Family,2025-10-14,91949,Contacted
TE11886,26.0,64958.0,Thailand,Family,2025-11-08,81258,Contacted
TE11887,49.0,178334.0,,Adventure,2025-04-04,10000,Closed
TE11888,37.0,143150.0,Bali,Family,2025-06-06,28606,Converted
TE11889,20.0,96377.0,Paris,Business,2025-09-09,71201,New
TE11890,39.0,129679.0,,Adventure,2025-06-18,46463,New
TE11891,26.0,212445.0,Manali,Honeymoon,2025-07-17,113495,Contacted
TE11892,29.0,150604.0,Dubai,Honeymoon,2025-05-05,39149,Converted
TE11893,60.0,31478.0,Jaipur,Business,2025-11-01,67454,Contacted
TE11894,52.0,29385.0,Dubai,Honeymoon,2025-08-18,68829,New
TE11895,24.0,129836.0,Bali,Business,2025-12-16,127166,Converted
TE11896,58.0,111792.0,Jaipur,Honeymoon,2025-10-11,63712,Converted
TE11897,45.0,215317.0,Manali,Business,2025-05-14,100834,Contacted
TE11898,59.0,153251.0,Jaipur,Honeymoon,2025-04-30,91850,Closed
TE11899,53.0,193592.0,Thailand,Business,2025-02-02,116615,Converted
TE11900,34.0,153764.0,Ladakh,Business,2025-08-15,114758,Converted
TE11901,43.0,98105.0,Jaipur,Business,2025-09-30,83830,Converted
TE11902,43.0,170502.0,Dubai,Family,2025-05-09,25630,Converted
TE11903,52.0,162172.0,Manali,Honeymoon,2025-01-08,76889,Contacted
TE11904,29.0,185090.0,Thailand,Business,2025-10-28,84302,Contacted
TE11905,33.0,61904.0,Bali,Adventure,2025-03-23,95010,Converted
TE11906,29.0,166839.0,Kerala,Leisure,2025-07-31,59186,Contacted
TE11907,32.0,84229.0,Thailand,Business,2025-01-20,124932,Contacted
TE11908,25.0,201337.0,Goa,Honeymoon,2025-01-23,85477,New
TE11909,19.0,203258.0,Singapore,Family,2025-11-23,52783,Converted
TE11910,63.0,162945.0,Manali,Honeymoon,2025-09-02,68962,Contacted
TE11911,21.0,237634.0,Goa,Leisure,2025-01-02,152499,New
TE11912,60.0,142702.0,Jaipur,Family,2025-02-06,108253,Contacted
TE11913,18.0,23832.0,Paris,Adventure,2025-06-29,121696,New
TE11914,55.0,158638.0,Kashmir,Adventure,2025-09-05,48544,Closed
TE11915,33.0,198426.0,Dubai,Business,2025-06-04,60891,Closed
TE11916,42.0,41476.0,Ladakh,Family,2025-11-14,61150,Contacted
TE11917,31.0,42267.0,Bali,Leisure,2025-08-26,91454,Contacted
TE11918,41.0,81372.0,Singapore,Adventure,2025-08-12,78910,Converted
TE11919,39.0,213866.0,Kashmir,Adventure,2025-04-16,67868,Contacted
TE11920,43.0,140357.0,Paris,Business,2025-09-06,72258,Closed
TE11921,36.0,244535.0,Paris,Adventure,2025-11-15,57209,New
TE11922,43.0,220533.0,Manali,Adventure,2025-01-18,78706,New
TE11923,57.0,146721.0,Dubai,Adventure,2025-09-25,123963,Contacted
TE11924,38.0,175540.0,Thailand,Leisure,2025-11-17,32040,New
TE11925,35.0,94792.0,Jaipur,Honeymoon,2025-06-07,97127,Contacted
TE11926,24.0,38974.0,Dubai,Family,2025-10-06,133303,Converted
TE11927,35.0,110507.0,Manali,Family,2025-05-11,78588,New
TE11928,24.0,155408.0,Jaipur,Adventure,2025-03-12,66489,Contacted
TE11929,26.0,60268.0,Bali,Honeymoon,2025-10-24,117348,Converted
TE11930,63.0,69443.0,Dubai,Leisure,2025-04-24,50552,Converted
TE11931,22.0,21478.0,Bali,Business,2025-10-03,84206,Contacted
TE11932,41.0,188292.0,Singapore,Family,2025-04-25,48605,New
TE11933,58.0,226668.0,Ladakh,Adventure,2025-05-26,19546,Contacted
TE11934,63.0,209967.0,Manali,Family,2025-09-07,79681,Contacted
TE11935,25.0,106159.0,Singapore,Business,2025-05-05,40781,Converted
TE11936,25.0,155682.0,Manali,Leisure,2025-10-22,84592,Contacted
TE11937,35.0,240907.0,Paris,Family,2025-01-15,124026,New
TE11938,44.0,155196.0,Bali,Family,2025-01-05,149899,Converted
TE11939,64.0,86646.0,Singapore,Business,2025-01-30,88274,Contacted
TE11940,27.0,96553.0,Manali,Family,2025-04-04,120673,New
TE11941,25.0,186695.0,Thailand,Honeymoon,2025-01-20,98964,Contacted
TE11942,30.0,121530.0,Goa,Honeymoon,2025-05-19,71591,Closed
TE11943,59.0,212255.0,Kerala,Business,2025-01-09,17633,Converted
TE11944,19.0,218474.0,London,Adventure,2025-10-03,141927,New
TE11945,36.0,26313.0,Kerala,Honeymoon,2025-02-25,48281,Converted
TE11946,23.0,185811.0,Ladakh,Adventure,2025-12-20,133397,New
TE11947,25.0,103830.0,Kerala,Business,2025-11-08,103788,Contacted
TE11948,62.0,138583.0,Ladakh,Business,2025-09-10,50840,Contacted
TE11949,18.0,79432.0,Singapore,Adventure,2025-10-18,95920,New
TE11950,33.0,,Bali,Family,2025-10-10,159652,New
TE11951,61.0,94648.0,Manali,Business,2025-11-04,138748,Closed
TE11952,47.0,29688.0,Bali,Leisure,2025-07-22,67055,New
TE11953,21.0,199603.0,Manali,Honeymoon,2025-08-16,60081,Converted
TE11954,40.0,51177.0,London,Business,2025-06-20,88507,Converted
TE11955,64.0,105185.0,Manali,Business,2025-08-16,79207,Contacted
TE11956,37.0,62782.0,Manali,Leisure,2025-05-19,126991,New
TE11957,43.0,55261.0,Thailand,Honeymoon,2025-02-15,110886,New
TE11958,43.0,104625.0,Manali,Honeymoon,2025-12-05,25772,New
TE11959,49.0,231154.0,Paris,Leisure,2025-09-12,101054,Contacted
TE11960,26.0,237042.0,Bali,Honeymoon,2025-09-14,78732,Closed
TE11961,58.0,106554.0,Manali,Honeymoon,2025-04-12,86299,Closed
TE11962,65.0,135196.0,Manali,Business,2025-10-08,93713,New
TE11963,24.0,246683.0,Jaipur,Leisure,2025-07-09,126956,New
TE11964,57.0,72483.0,Manali,Business,2025-01-28,119223,New
TE11965,57.0,237173.0,Manali,Family,2025-12-14,58759,Closed
TE11966,53.0,42534.0,Goa,Adventure,2025-12-28,82949,New
TE11967,35.0,70398.0,Paris,Adventure,2025-11-13,69302,New
TE11968,40.0,96487.0,Dubai,Honeymoon,2025-06-22,26135,Contacted
TE11969,58.0,,Goa,Business,2025-03-26,81172,Contacted
TE11970,25.0,207250.0,Singapore,Adventure,2025-01-05,149566,New
TE11971,57.0,216457.0,Singapore,Business,2025-09-26,25078,Converted
TE11972,62.0,106935.0,Goa,Honeymoon,2025-11-21,84158,New
TE11973,50.0,212042.0,Dubai,Leisure,2025-02-07,83035,New
TE11974,34.0,197222.0,Thailand,Family,2025-09-07,95071,New
TE11975,44.0,203926.0,Kerala,Business,2025-01-10,51305,Contacted
TE11976,20.0,204228.0,Paris,Leisure,2025-10-10,35121,Closed
TE11977,62.0,151048.0,Jaipur,Leisure,2025-01-11,36749,Contacted
TE11978,34.0,,Manali,Leisure,2025-12-22,131583,Converted
TE11979,20.0,232249.0,Ladakh,Family,2025-03-03,50606,New
TE11980,56.0,159209.0,Kashmir,Leisure,2025-05-26,67515,Converted
TE11981,49.0,227094.0,Kashmir,Business,2025-09-10,158662,Closed
TE11982,47.0,240511.0,Manali,Leisure,2025-11-05,59301,Contacted
TE11983,20.0,61421.0,Dubai,Leisure,2025-05-13,96984,Closed
TE11984,54.0,111296.0,Manali,Adventure,2025-12-23,122233,Contacted
TE11985,48.0,62658.0,Dubai,Honeymoon,2025-01-06,120550,Converted
TE11986,56.0,29819.0,Dubai,Business,2025-06-21,38395,New
TE11987,57.0,242207.0,Singapore,Adventure,2025-12-26,60033,Contacted
TE11988,28.0,232207.0,Manali,Family,2025-04-10,95583,Contacted
TE11989,28.0,234165.0,Kashmir,Honeymoon,2025-07-14,152516,Closed
TE11990,62.0,223011.0,Goa,Honeymoon,2025-06-11,58347,Closed
TE11991,43.0,168516.0,Goa,Leisure,2025-05-24,67724,Contacted
TE11992,39.0,139137.0,Thailand,Business,2025-10-07,99685,Closed
TE11993,31.0,248022.0,Bali,Business,2025-07-08,106688,Closed
TE11994,48.0,146123.0,Dubai,Honeymoon,2025-09-17,108809,Contacted
TE11995,54.0,167044.0,Kerala,Family,2025-07-09,55378,New
TE11996,18.0,67124.0,Manali,Adventure,2025-12-30,66378,New
TE11997,44.0,191237.0,Manali,Business,2025-06-21,92543,New
TE11998,65.0,208113.0,Jaipur,Business,2025-10-17,129181,New
TE11999,31.0,175419.0,Dubai,Family,2025-08-12,76653,Closed
TE12000,31.0,133675.0,Kerala,Honeymoon,2025-10-19,84219,New
TE12001,60.0,63905.0,Manali,Adventure,2025-11-19,49093,Converted
TE12002,20.0,25859.0,Singapore,Honeymoon,2025-03-24,150213,Contacted
TE12003,37.0,163536.0,Bali,Leisure,2025-04-20,90399,Contacted
TE12004,39.0,176460.0,Manali,Business,2025-04-20,122721,New
TE12005,56.0,197247.0,Goa,Family,2025-06-27,86046,Contacted
TE12006,24.0,238516.0,Jaipur,Family,2025-06-29,87984,Contacted
TE12007,38.0,133388.0,Bali,Leisure,2025-01-02,32489,Contacted
TE12008,25.0,210363.0,Singapore,Family,2025-11-22,10000,New
TE12009,55.0,184180.0,Bali,Leisure,2025-11-09,128817,Converted
TE12010,48.0,82310.0,Paris,Business,2025-08-07,87732,New
TE12011,41.0,214068.0,Manali,Honeymoon,2025-04-22,92225,Contacted
TE12012,36.0,30371.0,Kerala,Family,2025-10-28,41283,Contacted
TE12013,25.0,156943.0,Manali,Business,2025-04-09,53393,New
TE12014,62.0,236162.0,Bali,Business,2025-04-22,122181,Converted
TE12015,49.0,170880.0,Manali,Leisure,2025-12-30,145905,New
TE12016,33.0,235399.0,Dubai,Leisure,2025-12-03,63255,Closed
TE12017,37.0,31028.0,Jaipur,Adventure,2025-08-01,108502,Closed
TE12018,52.0,141520.0,Jaipur,Leisure,2025-03-03,91651,Contacted
TE12019,52.0,199102.0,Kerala,Family,2025-02-14,80781,New
TE12020,40.0,167018.0,Jaipur,Family,2025-12-17,149819,New
TE12021,32.0,222285.0,Kashmir,Family,2025-04-07,69138,Closed
TE12022,49.0,125323.0,Ladakh,Leisure,2025-09-06,128425,Contacted
TE12023,49.0,176364.0,Thailand,Business,2025-05-09,98350,New
TE12024,46.0,115385.0,Singapore,Business,2025-06-30,84409,Contacted
TE12025,21.0,220332.0,Singapore,Family,2025-12-25,133021,New
TE12026,40.0,45712.0,Kerala,Leisure,2025-08-04,95155,Contacted
TE12027,47.0,76956.0,Jaipur,Adventure,2025-06-06,81625,Contacted
TE12028,63.0,40446.0,Dubai,Honeymoon,2025-06-01,133280,New
TE12029,43.0,180887.0,Kerala,Honeymoon,2025-03-25,128724,Converted
TE12030,34.0,71994.0,Goa,Adventure,2025-07-22,127069,New
TE12031,44.0,91576.0,Goa,Business,2025-07-27,10000,Contacted
TE12032,26.0,212101.0,Thailand,Business,2025-02-04,100406,Contacted
TE12033,22.0,101562.0,Goa,Family,2025-05-28,92424,Closed
TE12034,50.0,51833.0,Kerala,Adventure,2025-08-23,83780,Contacted
TE12035,65.0,22865.0,Kerala,Family,2025-01-21,106342,Closed
TE12036,58.0,70594.0,Manali,Leisure,2025-12-22,94119,Contacted
TE12037,46.0,230207.0,Thailand,Family,2025-11-10,108723,Closed
TE12038,19.0,145279.0,Manali,Leisure,2025-08-20,75621,New
TE12039,65.0,248802.0,Thailand,Leisure,2025-01-06,137436,Converted
TE12040,39.0,67910.0,Bali,Family,2025-07-08,112263,New
TE12041,31.0,99543.0,Manali,Family,2025-11-24,103988,Closed
TE12042,60.0,55864.0,Manali,Business,2025-01-09,102280,Closed
TE12043,53.0,110424.0,Dubai,Family,2025-10-16,125505,Contacted
TE12044,53.0,148689.0,Paris,Business,2025-11-02,120759,Contacted
TE12045,31.0,205486.0,Manali,Business,2025-01-28,81053,Contacted
TE12046,65.0,103398.0,London,Adventure,2025-03-25,119661,New
TE12047,39.0,196996.0,Manali,Business,2025-09-21,91092,Converted
TE12048,43.0,163269.0,Ladakh,Family,2025-11-28,152092,Converted
TE12049,54.0,85700.0,Manali,Family,2025-10-08,123420,Contacted
TE12050,49.0,229632.0,London,Leisure,2025-07-11,63104,New
TE12051,26.0,118745.0,Manali,Adventure,2025-08-08,166575,Closed
TE12052,32.0,53030.0,Paris,Family,2025-07-10,11429,New
TE12053,35.0,,Kerala,Adventure,2025-07-30,107307,Contacted
TE12054,63.0,229917.0,Goa,Family,2025-10-08,60631,New
TE12055,52.0,29493.0,Ladakh,Leisure,2025-01-19,150876,New
TE12056,35.0,227378.0,Dubai,Adventure,2025-03-18,93848,New
TE12057,53.0,237792.0,Kerala,Honeymoon,2025-01-22,57217,Contacted
TE12058,53.0,210349.0,Kerala,Honeymoon,2025-10-17,75673,Contacted
TE12059,36.0,77159.0,Kerala,Business,2025-09-22,60012,Contacted
TE12060,37.0,164458.0,Goa,Business,2025-01-20,74298,Converted
TE12061,60.0,142872.0,Manali,Business,2025-02-08,73497,Converted
TE12062,44.0,161874.0,Manali,Leisure,2025-04-07,58710,New
TE12063,25.0,161015.0,Dubai,Honeymoon,2025-03-30,94452,New
TE12064,52.0,166297.0,Manali,Adventure,2025-07-09,98693,Contacted
TE12065,46.0,137248.0,Kashmir,Adventure,2025-07-01,50129,Converted
TE12066,42.0,178195.0,Jaipur,Adventure,2025-05-11,26961,Contacted
TE12067,52.0,140173.0,Singapore,Family,2025-03-01,95883,New
TE12068,61.0,21823.0,Dubai,Leisure,2025-08-25,103617,Converted
TE12069,33.0,26185.0,Dubai,Family,2025-10-15,110558,New
TE12070,38.0,240278.0,Jaipur,Leisure,2025-08-22,104291,Contacted
TE12071,27.0,228947.0,Dubai,Family,2025-10-21,140045,New
TE12072,49.0,153860.0,Dubai,Honeymoon,2025-11-29,119897,Converted
TE12073,37.0,58504.0,Jaipur,Leisure,2025-11-03,178794,Contacted
TE12074,34.0,199300.0,Jaipur,Leisure,2025-08-26,193523,Converted
TE12075,51.0,51243.0,London,Business,2025-01-19,23466,New
TE12076,37.0,105529.0,Manali,Honeymoon,2025-05-02,10000,Contacted
TE12077,40.0,94527.0,Jaipur,Adventure,2025-06-05,84741,New
TE12078,39.0,20876.0,Manali,Business,2025-09-17,102648,Converted
TE12079,30.0,205227.0,Dubai,Adventure,2025-11-05,82344,New
TE12080,24.0,136258.0,Bali,Business,2025-08-22,109625,New
TE12081,57.0,91370.0,Manali,Leisure,2025-05-13,75542,Converted
TE12082,22.0,135668.0,Kerala,Honeymoon,2025-10-14,60712,New
TE12083,33.0,18000.0,Paris,Leisure,2025-09-11,65999,New
TE12084,50.0,119381.0,Goa,Leisure,2025-10-18,77994,Converted
TE12085,24.0,138543.0,Kashmir,Family,2025-08-03,114523,Converted
TE12086,49.0,96814.0,Paris,Leisure,2025-08-24,67964,Closed
TE12087,53.0,210649.0,Ladakh,Family,2025-05-07,74886,New
TE12088,49.0,75959.0,Paris,Adventure,2025-05-26,104958,Contacted
TE12089,32.0,49975.0,Kashmir,Leisure,2025-04-11,78042,Converted
TE12090,18.0,140390.0,Dubai,Business,2025-04-04,124085,New
TE12091,60.0,223849.0,Paris,Business,2025-08-26,52817,Converted
TE12092,33.0,105064.0,Bali,Business,2025-05-20,45227,New
TE12093,56.0,28817.0,Dubai,Leisure,2025-02-18,95662,Closed
TE12094,27.0,243025.0,Paris,Adventure,2025-01-13,99150,Contacted
TE12095,25.0,121077.0,London,Adventure,2025-11-10,54726,Contacted
TE12096,55.0,58119.0,Kerala,Adventure,2025-06-08,132026,Contacted
TE12097,63.0,160823.0,Singapore,Family,2025-07-29,152373,New
TE12098,59.0,92162.0,Singapore,Family,2025-11-26,63025,New
TE12099,54.0,235568.0,Ladakh,Family,2025-02-10,137056,Converted
TE12100,29.0,86199.0,Thailand,Adventure,2025-12-08,10000,Contacted
TE12101,61.0,145632.0,Kerala,Business,2025-09-14,122664,Contacted
TE12102,50.0,144048.0,Dubai,Business,2025-08-22,54978,New
TE12103,26.0,74246.0,Goa,Adventure,2025-06-06,119163,Converted
TE12104,24.0,133833.0,Kerala,Adventure,2025-09-15,51355,Contacted
TE12105,59.0,43304.0,Ladakh,Family,2025-03-16,82603,New
TE12106,31.0,167348.0,Jaipur,Adventure,2025-04-20,56646,Closed
TE12107,54.0,193930.0,Manali,Business,2025-12-16,77514,Contacted
TE12108,24.0,238401.0,Dubai,Family,2025-04-11,149047,Contacted
TE12109,31.0,93581.0,Jaipur,Leisure,2025-09-19,81222,Closed
TE12110,31.0,84171.0,Ladakh,Leisure,2025-12-05,158861,Contacted
TE12111,31.0,145324.0,Manali,Leisure,2025-08-04,71497,Closed
TE12112,50.0,178723.0,Kerala,Adventure,2025-04-19,137212,Converted
TE12113,61.0,248252.0,Bali,Adventure,2025-11-05,28101,Contacted
TE12114,61.0,23809.0,Kashmir,Business,2025-10-28,74972,New
TE12115,53.0,73287.0,Goa,Business,2025-07-17,66236,New
TE12116,27.0,78874.0,Kashmir,Leisure,2025-02-11,138820,Contacted
TE12117,64.0,77248.0,,Business,2025-06-10,91484,New
TE12118,44.0,125583.0,Bali,Family,2025-06-07,11917,New
TE12119,44.0,220516.0,Goa,Adventure,2025-03-10,39145,Contacted
TE12120,51.0,25190.0,Jaipur,Family,2025-05-27,49557,Converted
TE12121,54.0,207276.0,Singapore,Family,2025-02-25,117692,New
TE12122,63.0,161299.0,Dubai,Leisure,2025-09-10,113175,Converted
TE12123,45.0,160727.0,Jaipur,Business,2025-06-07,74486,Closed
TE12124,47.0,175368.0,Kerala,Leisure,2025-09-23,65802,Converted
TE12125,53.0,44774.0,Kerala,Leisure,2025-06-15,110074,Converted
TE12126,30.0,191242.0,Goa,Adventure,2025-09-17,45467,Converted
TE12127,32.0,75566.0,Jaipur,Leisure,2025-09-24,101018,New
TE12128,48.0,137845.0,Manali,Leisure,2025-02-28,98038,Contacted
TE12129,21.0,175036.0,Kashmir,Adventure,2025-06-10,75389,Closed
TE12130,33.0,158115.0,London,Adventure,2025-09-30,98919,Converted
TE12131,52.0,92965.0,Dubai,Leisure,2025-08-04,88573,Converted
TE12132,64.0,109887.0,Manali,Business,2025-03-22,102410,Closed
TE12133,42.0,128551.0,Manali,Business,2025-10-31,38306,New
TE12134,37.0,27570.0,Jaipur,Honeymoon,2025-03-14,106508,New
TE12135,39.0,186442.0,Thailand,Family,2025-12-28,120931,Contacted
TE12136,50.0,41188.0,Jaipur,Business,2025-09-15,96233,New
TE12137,44.0,124391.0,Goa,Adventure,2025-04-28,106043,Contacted
TE12138,19.0,169959.0,Goa,Family,2025-03-12,81153,Converted
TE12139,43.0,36650.0,Manali,Leisure,2025-11-25,116197,Contacted
TE12140,37.0,248969.0,Thailand,Honeymoon,2025-07-10,87284,New
TE12141,51.0,105516.0,Singapore,Leisure,2025-10-21,44822,Converted
TE12142,60.0,21666.0,Kerala,Honeymoon,2025-10-30,113708,New
TE12143,64.0,170803.0,Dubai,Honeymoon,2025-01-25,27805,Closed
TE12144,47.0,147359.0,Kashmir,Adventure,2025-09-06,94897,New
TE12145,35.0,166557.0,Dubai,Honeymoon,2025-05-02,71552,Closed
TE12146,39.0,192234.0,Ladakh,Adventure,2025-11-27,69316,Contacted
TE12147,26.0,128347.0,Thailand,Adventure,2025-03-21,91020,Contacted
TE12148,62.0,209812.0,Jaipur,Family,2025-01-13,60175,Contacted
TE12149,58.0,103875.0,Thailand,Adventure,2025-08-30,102927,New
TE12150,58.0,144488.0,Dubai,Honeymoon,2025-07-20,86988,Contacted
TE12151,33.0,54775.0,Singapore,Adventure,2025-07-22,63395,Converted
TE12152,33.0,161821.0,Goa,Family,2025-04-06,131836,Converted
TE12153,59.0,78690.0,Jaipur,Business,2025-06-30,92167,New
TE12154,44.0,179640.0,Manali,Adventure,2025-12-17,107078,Converted
TE12155,51.0,203845.0,Goa,Family,2025-10-05,134581,Closed
TE12156,41.0,217281.0,Goa,Business,2025-12-25,134006,Converted
TE12157,39.0,233547.0,Dubai,Adventure,2025-05-02,105292,Contacted
TE12158,48.0,46371.0,Kerala,Leisure,2025-11-13,74407,New
TE12159,57.0,50014.0,Jaipur,Adventure,2025-05-20,34960,Closed
TE12160,34.0,232875.0,Dubai,Business,2025-12-07,92234,Contacted
TE12161,56.0,106352.0,London,Honeymoon,2025-11-12,123310,Contacted
TE12162,29.0,24036.0,Kashmir,Business,2025-03-01,97401,Converted
TE12163,37.0,84581.0,Goa,Adventure,2025-12-20,10000,New
TE12164,61.0,211999.0,Paris,Business,2025-08-10,115452,Converted
TE12165,63.0,100357.0,Singapore,Adventure,2025-10-10,117602,New
TE12166,62.0,35803.0,Bali,Honeymoon,2025-07-30,74457,Converted
TE12167,33.0,185530.0,Paris,Business,2025-03-21,119593,Closed
TE12168,58.0,63153.0,Bali,Adventure,2025-12-25,106979,Closed
TE12169,62.0,99850.0,Goa,Business,2025-02-11,61007,Closed
TE12170,64.0,18903.0,Dubai,Honeymoon,2025-10-22,129496,Closed
TE12171,19.0,157663.0,Bali,Honeymoon,2025-03-18,40638,New
TE12172,53.0,121300.0,Singapore,Honeymoon,2025-10-13,82996,Closed
TE12173,65.0,219156.0,Ladakh,Leisure,2025-06-03,79505,Closed
TE12174,54.0,95571.0,Goa,Honeymoon,2025-03-28,56110,Contacted
TE12175,29.0,65468.0,Manali,Adventure,2025-03-28,95633,Contacted
TE12176,54.0,56510.0,Goa,Adventure,2025-04-27,130863,New
TE12177,23.0,64437.0,Manali,Leisure,2025-11-24,128671,Contacted
TE12178,41.0,122653.0,Goa,Leisure,2025-10-08,110328,Converted
TE12179,48.0,38222.0,Jaipur,Business,2025-09-02,25643,Contacted
TE12180,39.0,111350.0,Kerala,Adventure,2025-08-18,38242,Contacted
TE12181,51.0,216287.0,Singapore,Adventure,2025-06-01,90816,Contacted
TE12182,29.0,196098.0,Paris,Family,2025-11-25,83802,New
TE12183,47.0,165844.0,Goa,Honeymoon,2025-04-10,67567,Closed
TE12184,48.0,225207.0,Singapore,Family,2025-12-10,151686,New
TE12185,48.0,199010.0,Goa,Family,2025-05-19,88705,New
TE12186,31.0,169396.0,Thailand,Business,2025-05-05,103984,New
TE12187,32.0,218232.0,Goa,Family,2025-06-23,119576,Closed
TE12188,30.0,46863.0,Kerala,Honeymoon,2025-09-30,86924,Closed
TE12189,40.0,207836.0,Thailand,Business,2025-09-17,175687,New
TE12190,46.0,86530.0,Kerala,Honeymoon,2025-10-07,52087,New
TE12191,35.0,188071.0,Kerala,Leisure,2025-02-02,63787,Contacted
TE12192,37.0,229890.0,Singapore,Adventure,2025-02-28,52001,New
TE12193,31.0,133078.0,Goa,Honeymoon,2025-11-05,139693,Converted
TE12194,28.0,38586.0,Singapore,Family,2025-12-24,113073,New
TE12195,49.0,103893.0,Thailand,Adventure,2025-02-16,65955,Contacted
TE12196,57.0,112390.0,London,Adventure,2025-11-26,54764,Contacted
TE12197,31.0,235323.0,Jaipur,Leisure,2025-04-06,133471,Contacted
TE12198,59.0,236662.0,Dubai,Adventure,2025-12-23,97659,Contacted
TE12199,45.0,149884.0,Bali,Honeymoon,2025-12-28,134365,New
TE12200,26.0,238555.0,Kerala,Leisure,2025-08-20,82895,New
TE12201,35.0,119219.0,Manali,Business,2025-03-11,102904,New
TE12202,18.0,113399.0,Manali,Adventure,2025-10-14,95508,New
TE12203,19.0,212070.0,Manali,Business,2025-02-06,63156,Closed
TE12204,34.0,172836.0,Jaipur,Adventure,2025-05-02,79955,New
TE12205,39.0,139191.0,Manali,Business,2025-08-21,43549,New
TE12206,56.0,123965.0,Goa,Family,2025-01-25,102294,New
TE12207,24.0,181701.0,Goa,Business,2025-05-24,111644,Converted
TE12208,58.0,192803.0,Kashmir,Leisure,2025-10-18,119656,Closed
TE12209,29.0,131817.0,Goa,Honeymoon,2025-02-03,108329,Converted
TE12210,24.0,25326.0,Goa,Adventure,2025-05-14,80513,Contacted
TE12211,51.0,41626.0,Jaipur,Adventure,2025-01-02,139319,Converted
TE12212,55.0,51444.0,Manali,Leisure,2025-08-28,116231,Contacted
TE12213,47.0,125204.0,Kashmir,Business,2025-01-29,133599,Closed
TE12214,23.0,160494.0,Kashmir,Honeymoon,2025-04-13,135795,Converted
TE12215,23.0,204474.0,Paris,Business,2025-07-10,80604,New
TE12216,36.0,71952.0,Jaipur,Family,2025-03-20,98576,Contacted
TE12217,39.0,200491.0,Paris,Leisure,2025-03-26,112110,New
TE12218,65.0,172524.0,Goa,Adventure,2025-10-31,44780,New
TE12219,31.0,29984.0,Dubai,Family,2025-10-11,45556,Converted
TE12220,27.0,99484.0,Goa,Leisure,2025-11-09,39524,New
TE12221,63.0,88217.0,,Business,2025-06-20,81216,Converted
TE12222,25.0,223702.0,Kerala,Business,2025-02-22,73334,Closed
TE12223,19.0,231718.0,Goa,Family,2025-11-27,34752,Contacted
TE12224,38.0,208068.0,Goa,Family,2025-05-03,90228,Contacted
TE12225,37.0,140498.0,Jaipur,Honeymoon,2025-04-29,81653,Contacted
TE12226,47.0,132338.0,Jaipur,Honeymoon,2025-02-23,126378,Converted
TE12227,60.0,90265.0,Goa,Leisure,2025-11-19,155454,New
TE12228,62.0,197312.0,Goa,Family,2025-04-15,100976,New
TE12229,31.0,38017.0,Manali,Honeymoon,2025-08-04,60618,Contacted
TE12230,65.0,80904.0,Manali,Business,2025-03-29,107635,Closed
TE12231,48.0,49368.0,Ladakh,Family,2025-11-22,85326,New
TE12232,21.0,132668.0,Kashmir,Business,2025-10-14,76596,Contacted
TE12233,63.0,87543.0,Paris,Family,2025-07-03,54844,Closed
TE12234,24.0,63816.0,Paris,Adventure,2025-05-06,68752,New
TE12235,46.0,105328.0,Bali,Family,2025-08-27,78777,New
TE12236,55.0,217726.0,Singapore,Honeymoon,2025-06-30,113143,Contacted
TE12237,29.0,147458.0,Manali,Business,2025-12-09,102886,New
TE12238,30.0,208952.0,Goa,Adventure,2025-09-03,148895,New
TE12239,40.0,230026.0,Jaipur,Adventure,2025-01-10,108602,Contacted
TE12240,60.0,227299.0,Kerala,Honeymoon,2025-10-27,99850,Converted
TE12241,28.0,99432.0,Goa,Honeymoon,2025-03-12,74282,Contacted
TE12242,49.0,221575.0,Dubai,Adventure,2025-04-20,48689,Contacted
TE12243,39.0,228976.0,Dubai,Honeymoon,2025-06-08,65054,Contacted
TE12244,23.0,240627.0,Dubai,Leisure,2025-03-18,60506,Contacted
TE12245,52.0,99433.0,Jaipur,Adventure,2025-12-10,10000,Converted
TE12246,57.0,70974.0,Singapore,Business,2025-12-23,49698,Converted
TE12247,45.0,153552.0,Jaipur,Family,2025-02-26,141077,Converted
TE12248,26.0,234184.0,Manali,Business,2025-04-27,97901,Closed
TE12249,25.0,226944.0,Goa,Adventure,2025-05-15,71822,Converted
TE12250,38.0,150522.0,Ladakh,Adventure,2025-09-02,98947,New
TE12251,42.0,52623.0,Jaipur,Business,2025-08-06,16631,Closed
TE12252,44.0,116019.0,Goa,Business,2025-09-04,94873,Closed
TE12253,29.0,183676.0,Manali,Business,2025-01-12,129712,New
TE12254,42.0,148007.0,Ladakh,Adventure,2025-07-07,80761,New
TE12255,32.0,98149.0,Bali,Business,2025-03-18,22980,Contacted
TE12256,50.0,97484.0,Thailand,Family,2025-03-25,70512,Contacted
TE12257,56.0,31862.0,Kerala,Business,2025-10-09,129774,Converted
TE12258,49.0,84944.0,Paris,Business,2025-02-21,94052,Contacted
TE12259,18.0,173296.0,Paris,Family,2025-01-12,35359,New
TE12260,65.0,73985.0,Manali,Adventure,2025-06-27,167867,New
TE12261,19.0,248468.0,Singapore,Business,2025-09-25,41117,Closed
TE12262,65.0,37123.0,Kerala,Family,2025-07-05,76498,New
TE12263,19.0,154596.0,Manali,Family,2025-02-28,48691,Converted
TE12264,42.0,133203.0,Thailand,Honeymoon,2025-10-09,48740,New
TE12265,23.0,211327.0,Paris,Business,2025-05-19,69175,Contacted
TE12266,22.0,223961.0,Goa,Leisure,2025-09-16,107265,Contacted
TE12267,50.0,144087.0,Dubai,Business,2025-03-15,130169,New
TE12268,52.0,164195.0,Thailand,Family,2025-11-28,71484,Converted
TE12269,23.0,180157.0,Kashmir,Leisure,2025-04-14,49645,Converted
TE12270,64.0,138866.0,Jaipur,Adventure,2025-12-20,101752,New
TE12271,33.0,60894.0,Kashmir,Family,2025-05-18,102779,Contacted
TE12272,33.0,117433.0,Thailand,Honeymoon,2025-09-22,93413,Converted
TE12273,32.0,74040.0,Ladakh,Family,2025-07-02,94651,Converted
TE12274,40.0,125741.0,Thailand,Leisure,2025-01-28,81060,Contacted
TE12275,26.0,160716.0,Paris,Family,2025-02-05,88435,Converted
TE12276,38.0,66552.0,Bali,Adventure,2025-05-28,78642,New
TE12277,28.0,75866.0,Kerala,Adventure,2025-03-12,122459,New
TE12278,20.0,208921.0,Bali,Honeymoon,2025-08-10,162996,Converted
TE12279,35.0,105634.0,Manali,Business,2025-02-20,91288,Converted
TE12280,50.0,64025.0,Bali,Leisure,2025-08-03,84770,Converted
TE12281,54.0,183457.0,Kashmir,Honeymoon,2025-03-16,93955,New
TE12282,34.0,184257.0,Dubai,Family,2025-03-08,61973,Contacted
TE12283,33.0,209669.0,London,Adventure,2025-05-14,111774,Converted
TE12284,55.0,194317.0,Paris,Honeymoon,2025-08-01,100441,New
TE12285,50.0,248137.0,Manali,Adventure,2025-05-26,70284,Contacted
TE12286,57.0,151370.0,Goa,Honeymoon,2025-05-08,116572,Contacted
TE12287,61.0,84542.0,Ladakh,Family,2025-05-04,85665,New
TE12288,57.0,218199.0,Kerala,Leisure,2025-05-04,51048,Contacted
TE12289,62.0,79437.0,Dubai,Honeymoon,2025-05-27,97306,New
TE12290,37.0,85523.0,Kerala,Business,2025-10-31,93295,Closed
TE12291,36.0,210211.0,Dubai,Family,2025-07-30,118615,New
TE12292,33.0,222536.0,Jaipur,Honeymoon,2025-06-03,114104,New
TE12293,29.0,96727.0,Thailand,Leisure,2025-09-30,81177,New
TE12294,53.0,187223.0,Singapore,Adventure,2025-07-11,68477,New
TE12295,52.0,231996.0,Bali,Adventure,2025-12-12,85061,New
TE12296,56.0,203310.0,Kerala,Honeymoon,2025-07-24,97716,Contacted
TE12297,26.0,19158.0,London,Adventure,2025-03-20,101931,New
TE12298,41.0,172183.0,Manali,Honeymoon,2025-07-24,95549,New
TE12299,28.0,57414.0,Dubai,Adventure,2025-10-09,81823,New
TE12300,60.0,214352.0,Goa,Honeymoon,2025-03-19,119889,Contacted
TE12301,30.0,33553.0,Kerala,Adventure,2025-03-15,61399,New
TE12302,24.0,248399.0,Kerala,Family,2025-08-07,171779,Contacted
TE12303,45.0,59140.0,Bali,Leisure,2025-11-18,111707,Converted
TE12304,60.0,115478.0,Dubai,Honeymoon,2025-05-02,45538,Converted
TE12305,61.0,72307.0,Goa,Leisure,2025-07-04,91483,New
TE12306,22.0,206829.0,Singapore,Business,2025-08-27,112044,Closed
TE12307,33.0,109292.0,London,Business,2025-08-30,72772,Converted
TE12308,25.0,190743.0,Dubai,Family,2025-02-23,32670,New
TE12309,32.0,33594.0,Manali,Business,2025-05-24,48633,Contacted
TE12310,43.0,123066.0,Dubai,Business,2025-12-28,103973,Converted
TE12311,31.0,229364.0,Paris,Leisure,2025-11-20,23588,New
TE12312,21.0,233053.0,Manali,Honeymoon,2025-10-09,34273,Contacted
TE12313,42.0,66417.0,Dubai,Adventure,2025-01-09,103789,Contacted
TE12314,20.0,109507.0,Singapore,Business,2025-06-01,77211,New
TE12315,28.0,112914.0,Dubai,Business,2025-01-19,60648,Closed
TE12316,18.0,149188.0,Paris,Business,2025-04-20,67684,New
TE12317,22.0,142662.0,Goa,Family,2025-11-11,33522,New
TE12318,38.0,42578.0,Kashmir,Leisure,2025-05-22,101956,New
TE12319,58.0,194939.0,Paris,Leisure,2025-03-03,56771,Contacted
TE12320,55.0,70380.0,Dubai,Leisure,2025-09-20,66249,Closed
TE12321,22.0,91066.0,Goa,Business,2025-10-04,97137,Converted
TE12322,19.0,213042.0,Singapore,Family,2025-08-27,76018,Closed
TE12323,34.0,178000.0,Thailand,Adventure,2025-10-22,60337,Contacted
TE12324,49.0,110000.0,Goa,Family,2025-09-13,15370,Contacted
TE12325,53.0,229694.0,Manali,Leisure,2025-08-20,97860,Contacted
TE12326,57.0,109427.0,Manali,Family,2025-11-20,87765,New
TE12327,34.0,149195.0,Kerala,Family,2025-04-28,66891,Closed
TE12328,26.0,75067.0,Kashmir,Honeymoon,2025-06-16,48691,Contacted
TE12329,19.0,60501.0,Jaipur,Leisure,2025-07-24,85447,Contacted
TE12330,25.0,132054.0,Dubai,Business,2025-09-01,101817,Contacted
TE12331,21.0,148621.0,Bali,Leisure,2025-06-23,88422,Converted
TE12332,59.0,204950.0,Bali,Family,2025-06-10,142332,New
TE12333,30.0,108690.0,Manali,Adventure,2025-03-02,109667,Converted
TE12334,57.0,225678.0,Manali,Honeymoon,2025-08-21,81245,Converted
TE12335,44.0,158913.0,Dubai,Honeymoon,2025-02-15,110840,Converted
TE12336,43.0,34266.0,Bali,Leisure,2025-06-22,86703,New
TE12337,39.0,189472.0,Bali,Family,2025-05-29,86582,New
TE12338,57.0,151358.0,Singapore,Family,2025-10-10,130373,Contacted
TE12339,20.0,108330.0,Ladakh,Family,2025-06-23,53568,Closed
TE12340,22.0,126407.0,Dubai,Leisure,2025-01-02,85816,Closed
TE12341,38.0,88015.0,Dubai,Leisure,2025-07-04,126640,Contacted
TE12342,36.0,160514.0,Goa,Family,2025-03-20,95815,New
TE12343,44.0,149533.0,Thailand,Adventure,2025-05-19,72083,New
TE12344,53.0,121768.0,Kerala,Family,2025-04-18,25284,Contacted
TE12345,46.0,84165.0,Dubai,Leisure,2025-03-02,10000,New
TE12346,30.0,110485.0,Goa,Honeymoon,2025-12-11,157666,Contacted
TE12347,33.0,133498.0,Bali,Leisure,2025-04-03,95798,Converted
TE12348,54.0,127476.0,Bali,Honeymoon,2025-07-04,64557,Contacted
TE12349,27.0,89756.0,Singapore,Business,2025-10-29,97231,Contacted
TE12350,42.0,153024.0,Manali,Adventure,2025-05-13,51831,New
TE12351,43.0,70559.0,Kashmir,Leisure,2025-12-08,73408,New
TE12352,54.0,134228.0,Bali,Leisure,2025-05-28,52067,Converted
TE12353,52.0,46199.0,Singapore,Adventure,2025-12-11,35535,Contacted
TE12354,40.0,127537.0,Singapore,Leisure,2025-06-14,11326,New
TE12355,32.0,199884.0,Thailand,Business,2025-01-06,29082,New
TE12356,35.0,207738.0,Kashmir,Business,2025-11-12,120745,New
TE12357,37.0,179169.0,Kerala,Business,2025-11-11,50459,Converted
TE12358,28.0,190991.0,Paris,Business,2025-12-17,103721,Contacted
TE12359,48.0,33300.0,Paris,Family,2025-02-15,118483,Contacted
TE12360,28.0,97200.0,Ladakh,Adventure,2025-11-04,85580,Contacted
TE12361,49.0,169786.0,,Family,2025-05-05,74550,New
TE12362,54.0,203734.0,Goa,Adventure,2025-11-03,89656,Contacted
TE12363,64.0,153221.0,Manali,Business,2025-12-17,70418,New
TE12364,23.0,216047.0,Thailand,Family,2025-03-14,127137,Closed
TE12365,54.0,81351.0,Thailand,Adventure,2025-05-16,150679,New
TE12366,22.0,53610.0,Kashmir,Honeymoon,2025-04-08,135743,Contacted
TE12367,34.0,38040.0,Paris,Adventure,2025-04-21,10000,New
TE12368,26.0,153182.0,Ladakh,Adventure,2025-08-05,69704,Converted
TE12369,25.0,172323.0,Ladakh,Adventure,2025-05-31,85146,New
TE12370,26.0,84192.0,Dubai,Leisure,2025-08-27,101207,Closed
TE12371,20.0,199809.0,Manali,Leisure,2025-09-03,24544,New
TE12372,57.0,189488.0,London,Family,2025-03-15,23979,Converted
TE12373,20.0,101551.0,Goa,Business,2025-01-16,130738,Converted
TE12374,37.0,73398.0,Kerala,Adventure,2025-09-29,65431,New
TE12375,51.0,190218.0,Singapore,Honeymoon,2025-03-08,32941,New
TE12376,65.0,173766.0,Singapore,Adventure,2025-03-14,46373,Contacted
TE12377,58.0,57622.0,Manali,Adventure,2025-08-07,98667,Converted
TE12378,24.0,77189.0,Bali,Leisure,2025-04-06,56211,Closed
TE12379,65.0,130744.0,Manali,Family,2025-03-11,93457,New
TE12380,49.0,136585.0,Ladakh,Honeymoon,2025-04-22,50745,Contacted
TE12381,26.0,56502.0,Manali,Adventure,2025-07-10,23953,New
TE12382,39.0,238086.0,Bali,Family,2025-11-04,134853,New
TE12383,62.0,108166.0,Ladakh,Family,2025-12-26,98937,Contacted
TE12384,36.0,106463.0,Manali,Adventure,2025-09-24,73319,New
TE12385,26.0,32043.0,Manali,Honeymoon,2025-11-24,66752,New
TE12386,60.0,221172.0,Bali,Family,2025-07-13,136272,Closed
TE12387,63.0,72553.0,Goa,Leisure,2025-05-29,105704,Converted
TE12388,64.0,246972.0,Manali,Family,2025-10-26,125138,Converted
TE12389,63.0,133076.0,Jaipur,Adventure,2025-04-21,64571,New
TE12390,59.0,220966.0,Kashmir,Honeymoon,2025-10-23,86773,Closed
TE12391,39.0,59556.0,Kerala,Adventure,2025-12-30,99077,Contacted
TE12392,27.0,56481.0,Paris,Business,2025-05-22,65748,Contacted
TE12393,47.0,203859.0,London,Honeymoon,2025-08-19,81656,New
TE12394,,208161.0,Jaipur,Leisure,2025-10-12,64574,Closed
TE12395,40.0,143998.0,Jaipur,Family,2025-10-13,98967,Contacted
TE12396,49.0,25458.0,Paris,Business,2025-03-17,38751,Converted
TE12397,63.0,236944.0,Dubai,Adventure,2025-12-17,105019,Converted
TE12398,31.0,109246.0,Dubai,Honeymoon,2025-07-03,95875,Converted
TE12399,30.0,235149.0,Singapore,Honeymoon,2025-01-16,77884,Converted
TE12400,53.0,220011.0,Goa,Honeymoon,2025-02-13,100733,Closed
TE12401,18.0,215546.0,Singapore,Leisure,2025-09-22,72227,New
TE12402,45.0,177791.0,Manali,Adventure,2025-06-05,61545,New
TE12403,53.0,174194.0,Paris,Adventure,2025-02-09,104030,Converted
TE12404,44.0,141596.0,Manali,Adventure,2025-07-09,105545,Contacted
TE12405,36.0,23748.0,Kerala,Business,2025-08-07,67246,Contacted
TE12406,57.0,107984.0,Bali,Leisure,2025-01-30,64243,Converted
TE12407,35.0,187486.0,Dubai,Family,2025-05-08,78596,Contacted
TE12408,52.0,206453.0,Manali,Business,2025-06-18,65680,Converted
TE12409,40.0,147819.0,Manali,Business,2025-10-12,138379,New
TE12410,19.0,182618.0,Ladakh,Honeymoon,2025-08-26,96077,Closed
TE12411,43.0,23044.0,Dubai,Business,2025-02-01,85511,New
TE12412,20.0,126670.0,Bali,Family,2025-08-12,52355,Contacted
TE12413,62.0,135792.0,Dubai,Honeymoon,2025-11-25,110865,Closed
TE12414,46.0,225057.0,Manali,Family,2025-01-20,63594,New
TE12415,35.0,90164.0,Bali,Leisure,2025-12-26,62154,New
TE12416,41.0,71348.0,Jaipur,Leisure,2025-02-04,112042,New
TE12417,47.0,99752.0,Goa,Business,2025-08-15,98556,Contacted
TE12418,30.0,57531.0,Kashmir,Leisure,2025-05-08,10000,Contacted
TE12419,31.0,147554.0,Manali,Adventure,2025-09-24,79478,New
TE12420,38.0,167131.0,Dubai,Honeymoon,2025-11-03,89393,Closed
TE12421,30.0,203860.0,Paris,Family,2025-11-07,73114,New
TE12422,54.0,243503.0,Jaipur,Family,2025-11-13,90613,Contacted
TE12423,22.0,35076.0,Ladakh,Business,2025-10-25,21661,Contacted
TE12424,57.0,75363.0,Goa,Honeymoon,2025-04-23,10000,New
TE12425,34.0,87765.0,Kashmir,Business,2025-06-19,50859,New
TE12426,44.0,75923.0,Singapore,Honeymoon,2025-09-19,94879,Closed
TE12427,25.0,209930.0,Kashmir,Business,2025-03-03,10000,Converted
TE12428,36.0,50363.0,Ladakh,Honeymoon,2025-07-30,55476,New
TE12429,54.0,24899.0,Kashmir,Family,2025-07-12,17703,Converted
TE12430,30.0,217651.0,Kerala,Business,2025-12-24,76508,Contacted
TE12431,24.0,241073.0,Dubai,Business,2025-01-19,153526,New
TE12432,43.0,70524.0,Jaipur,Leisure,2025-02-04,77399,Converted
TE12433,25.0,95222.0,Singapore,Business,2025-01-11,81237,Contacted
TE12434,33.0,134737.0,Paris,Honeymoon,2025-07-19,114373,New
TE12435,39.0,140020.0,Bali,Business,2025-07-20,85746,Closed
TE12436,45.0,247883.0,Goa,Honeymoon,2025-08-04,77475,New
TE12437,48.0,111764.0,Ladakh,Business,2025-03-30,117433,New
TE12438,50.0,20816.0,Manali,Adventure,2025-04-22,101516,New
TE12439,58.0,116080.0,Kashmir,Leisure,2025-06-01,95102,Converted
TE12440,21.0,147105.0,Manali,Leisure,2025-01-18,80143,Converted
TE12441,35.0,137918.0,Goa,Adventure,2025-10-01,72888,Closed
TE12442,18.0,136851.0,Ladakh,Adventure,2025-01-19,117101,New
TE12443,18.0,232047.0,Ladakh,Family,2025-08-31,73224,Converted
TE12444,28.0,205328.0,Bali,Leisure,2025-06-15,128094,Contacted
TE12445,46.0,76396.0,Kashmir,Leisure,2025-12-30,48350,New
TE12446,60.0,100425.0,Dubai,Family,2025-09-10,135182,New
TE12447,55.0,172879.0,Ladakh,Honeymoon,2025-06-23,101521,Converted
TE12448,49.0,113199.0,Dubai,Leisure,2025-09-12,51101,New
TE12449,55.0,117389.0,Kerala,Family,2025-02-12,102814,Contacted
TE12450,26.0,56961.0,Jaipur,Honeymoon,2025-03-07,62239,Contacted
TE12451,58.0,77013.0,Goa,Honeymoon,2025-07-01,86170,New
TE12452,60.0,189869.0,Kerala,Leisure,2025-11-09,67968,Closed
TE12453,22.0,213560.0,Bali,Honeymoon,2025-10-26,80348,Converted
TE12454,40.0,200053.0,Manali,Leisure,2025-05-18,117950,Contacted
TE12455,57.0,89417.0,Kashmir,Adventure,2025-04-14,103148,Converted
TE12456,40.0,49706.0,Kerala,Adventure,2025-12-18,45612,Contacted
TE12457,58.0,55049.0,Manali,Business,2025-07-25,47617,Converted
TE12458,62.0,109282.0,Singapore,Leisure,2025-02-13,94477,New
TE12459,40.0,138119.0,Manali,Honeymoon,2025-03-23,97012,Contacted
TE12460,20.0,225154.0,Goa,Business,2025-11-01,61394,New
TE12461,34.0,226528.0,Singapore,Business,2025-11-23,140696,Contacted
TE12462,28.0,18628.0,Goa,Adventure,2025-11-27,113472,Contacted
TE12463,40.0,182154.0,Goa,Leisure,2025-01-03,63105,New
TE12464,46.0,87312.0,Bali,Adventure,2025-10-27,59721,Closed
TE12465,40.0,63890.0,Goa,Honeymoon,2025-02-10,77027,New
TE12466,27.0,146770.0,Ladakh,Leisure,2025-10-22,73385,New
TE12467,32.0,25867.0,Ladakh,Honeymoon,2025-11-17,128966,Contacted
TE12468,50.0,95510.0,Manali,Adventure,2025-05-12,119458,Contacted
TE12469,19.0,146116.0,Jaipur,Honeymoon,2025-03-12,86227,New
TE12470,28.0,81114.0,,Honeymoon,2025-09-17,108727,Contacted
TE12471,60.0,155667.0,Singapore,Family,2025-01-25,113804,Converted
TE12472,22.0,124729.0,Goa,Honeymoon,2025-07-30,87039,New
TE12473,37.0,203463.0,Kashmir,Business,2025-05-01,99092,Closed
TE12474,27.0,60113.0,Manali,Adventure,2025-06-04,105797,New
TE12475,23.0,31247.0,Singapore,Family,2025-10-28,102066,Contacted
TE12476,38.0,140873.0,Goa,Honeymoon,2025-12-28,57742,New
TE12477,43.0,77599.0,Manali,Business,2025-05-27,61280,Converted
TE12478,26.0,181954.0,Jaipur,Family,2025-04-16,74899,Converted
TE12479,21.0,39642.0,Kerala,Adventure,2025-10-31,60267,New
TE12480,24.0,151469.0,London,Business,2025-05-31,33441,New
TE12481,49.0,247642.0,Goa,Business,2025-03-14,108658,New
TE12482,59.0,39601.0,Goa,Family,2025-11-25,97124,New
TE12483,26.0,88022.0,Dubai,Leisure,2025-12-27,38122,Closed
TE12484,33.0,213903.0,Paris,Adventure,2025-04-16,76568,Contacted
TE12485,34.0,141787.0,Thailand,Family,2025-02-27,78550,Contacted
TE12486,35.0,58595.0,Kashmir,Honeymoon,2025-02-25,91368,Closed
TE12487,29.0,67446.0,Thailand,Honeymoon,2025-08-06,47133,Converted
TE12488,20.0,195437.0,Manali,Business,2025-04-23,37610,Converted
TE12489,43.0,217728.0,Paris,Leisure,2025-08-15,103190,New
TE12490,35.0,101651.0,Bali,Family,2025-10-04,31311,New
TE12491,34.0,127929.0,Dubai,Honeymoon,2025-01-03,76857,New
TE12492,30.0,199601.0,Singapore,Business,2025-11-09,73587,New
TE12493,62.0,59047.0,Manali,Leisure,2025-01-11,80685,Contacted
TE12494,47.0,65855.0,Dubai,Business,2025-02-11,93845,New
TE12495,38.0,197668.0,Thailand,Leisure,2025-09-21,140950,Contacted
TE12496,27.0,61305.0,Manali,Leisure,2025-08-15,29018,Contacted
TE12497,56.0,196829.0,Kashmir,Business,2025-12-23,115680,New
TE12498,60.0,133310.0,Dubai,Honeymoon,2025-07-26,10000,New
TE12499,19.0,247688.0,Goa,Business,2025-06-01,133780,Contacted
TE12500,62.0,25641.0,Manali,Honeymoon,2025-09-01,13500,Contacted
TE12501,51.0,237462.0,Manali,Honeymoon,2025-10-05,170274,Converted
TE12502,22.0,70269.0,Jaipur,Family,2025-09-02,71358,Converted
TE12503,54.0,26138.0,Goa,Family,2025-05-15,130163,New
TE12504,23.0,185971.0,Singapore,Family,2025-12-16,122945,New
TE12505,20.0,141547.0,Thailand,Adventure,2025-04-20,69723,New
TE12506,23.0,212273.0,Paris,Business,2025-05-07,72409,New
TE12507,40.0,43138.0,Manali,Adventure,2025-04-12,55699,Contacted
TE12508,47.0,36742.0,Paris,Honeymoon,2025-04-20,112558,Closed
TE12509,37.0,149602.0,Ladakh,Honeymoon,2025-03-19,70179,New
TE12510,23.0,222642.0,Kerala,Family,2025-07-31,56336,New
TE12511,27.0,112137.0,Goa,Honeymoon,2025-09-23,103805,Converted
TE12512,58.0,203024.0,Kerala,Leisure,2025-06-06,53599,Contacted
TE12513,64.0,228241.0,Jaipur,Adventure,2025-12-02,73486,New
TE12514,54.0,219767.0,Dubai,Family,2025-06-22,88749,New
TE12515,22.0,136011.0,Goa,Adventure,2025-06-19,62515,Closed
TE12516,57.0,180036.0,London,Business,2025-01-26,67796,New
TE12517,51.0,139955.0,Manali,Business,2025-11-25,138724,Contacted
TE12518,43.0,174404.0,Manali,Honeymoon,2025-02-23,77852,Converted
TE12519,24.0,149564.0,Manali,Adventure,2025-03-01,72413,New
TE12520,65.0,139822.0,Kerala,Leisure,2025-12-07,78871,Converted
TE12521,39.0,119339.0,Jaipur,Honeymoon,2025-07-09,100906,New
TE12522,20.0,169447.0,Manali,Business,2025-01-25,48815,New
TE12523,28.0,192255.0,Paris,Family,2025-06-10,99953,New
TE12524,37.0,231234.0,Singapore,Business,2025-08-03,93954,Closed
TE12525,20.0,160269.0,Dubai,Business,2025-01-04,22397,New
TE12526,33.0,41321.0,Kashmir,Family,2025-10-02,147799,New
TE12527,40.0,154295.0,Dubai,Adventure,2025-09-01,136128,Closed
TE12528,63.0,91257.0,Manali,Leisure,2025-01-05,56980,New
TE12529,22.0,24220.0,Kashmir,Honeymoon,2025-08-14,45715,Closed
TE12530,45.0,34809.0,Ladakh,Family,2025-03-23,92982,Converted
TE12531,61.0,155182.0,Dubai,Leisure,2025-09-25,35095,Contacted
TE12532,56.0,237195.0,Thailand,Leisure,2025-05-18,132750,Converted
TE12533,62.0,135293.0,Jaipur,Business,2025-03-15,68604,Converted
TE12534,26.0,121302.0,Dubai,Adventure,2025-07-04,141763,New
TE12535,56.0,38569.0,Ladakh,Adventure,2025-06-11,56146,Closed
TE12536,64.0,174680.0,Bali,Honeymoon,2025-05-05,81073,Closed
TE12537,33.0,30869.0,Dubai,Adventure,2025-11-16,129352,Closed
TE12538,41.0,213140.0,Kerala,Business,2025-08-25,73687,Contacted
TE12539,43.0,207406.0,Paris,Honeymoon,2025-06-27,94523,Contacted
TE12540,41.0,247913.0,Goa,Adventure,2025-03-24,123243,Contacted
TE12541,31.0,83953.0,Kashmir,Adventure,2025-07-27,65538,New
TE12542,64.0,55533.0,Kerala,Business,2025-01-10,40839,Contacted
TE12543,63.0,87492.0,Kerala,Family,2025-11-19,33945,Contacted
TE12544,36.0,203487.0,Kerala,Business,2025-01-01,105420,Converted
TE12545,56.0,68766.0,Kerala,Adventure,2025-09-12,98607,New
TE12546,37.0,223882.0,Dubai,Leisure,2025-05-06,122158,Contacted
TE12547,56.0,53771.0,London,Business,2025-09-19,75408,Contacted
TE12548,46.0,29339.0,Singapore,Adventure,2025-05-12,34924,Contacted
TE12549,40.0,68891.0,Singapore,Business,2025-01-10,10000,Closed
TE12550,,192949.0,Jaipur,Honeymoon,2025-12-12,185379,Converted
TE12551,49.0,157729.0,Dubai,Adventure,2025-10-06,103442,New
TE12552,33.0,100296.0,Goa,Honeymoon,2025-01-17,89788,New
TE12553,28.0,170201.0,Dubai,Leisure,2025-01-12,94752,Converted
TE12554,27.0,168475.0,Manali,Adventure,2025-07-12,34903,Contacted
TE12555,65.0,146695.0,Singapore,Adventure,2025-12-15,57179,Converted
TE12556,22.0,137259.0,Thailand,Honeymoon,2025-07-30,146017,New
TE12557,56.0,41546.0,Dubai,Family,2025-01-04,108042,New
TE12558,59.0,78260.0,Dubai,Honeymoon,2025-09-12,58274,Contacted
TE12559,19.0,140426.0,Singapore,Family,2025-06-05,42061,Converted
TE12560,46.0,49371.0,Manali,Honeymoon,2025-08-21,66951,Closed
TE12561,45.0,128395.0,Kashmir,Leisure,2025-05-08,73960,Closed
TE12562,35.0,45131.0,Paris,Honeymoon,2025-01-03,156720,Contacted
TE12563,50.0,200639.0,Goa,Leisure,2025-01-07,78411,Converted
TE12564,37.0,41971.0,Manali,Leisure,2025-08-18,43366,New
TE12565,39.0,39469.0,Kashmir,Honeymoon,2025-08-20,82949,Contacted
TE12566,38.0,165967.0,Manali,Leisure,2025-04-28,94252,Closed
TE12567,56.0,69163.0,Singapore,Honeymoon,2025-01-30,40181,Contacted
TE12568,48.0,99527.0,Manali,Leisure,2025-10-09,99076,Closed
TE12569,36.0,90908.0,Manali,Leisure,2025-02-25,127312,New
TE12570,62.0,68259.0,Thailand,Business,2025-03-10,89853,New
TE12571,56.0,194734.0,Manali,Leisure,2025-06-14,57103,Contacted
TE12572,62.0,178518.0,Goa,Business,2025-09-18,66490,Closed
TE12573,53.0,73396.0,Jaipur,Adventure,2025-12-29,26941,New
TE12574,36.0,177349.0,Thailand,Honeymoon,2025-08-16,80316,Converted
TE12575,55.0,183526.0,Dubai,Business,2025-12-16,95877,New
TE12576,33.0,143087.0,Goa,Leisure,2025-08-26,53618,Converted
TE12577,31.0,152186.0,London,Adventure,2025-11-05,152890,Contacted
TE12578,39.0,234911.0,Singapore,Family,2025-03-06,112730,New
TE12579,64.0,123300.0,Thailand,Business,2025-01-21,22253,Converted
TE12580,45.0,107416.0,Bali,Leisure,2025-09-01,22971,Converted
TE12581,36.0,143048.0,Bali,Leisure,2025-12-21,50559,Contacted
TE12582,40.0,211921.0,Paris,Adventure,2025-09-26,140061,New
TE12583,31.0,182624.0,Dubai,Adventure,2025-05-05,116182,New
TE12584,49.0,35432.0,Bali,Adventure,2025-06-28,141830,Closed
TE12585,34.0,124552.0,Bali,Leisure,2025-02-10,85357,Converted
TE12586,44.0,189641.0,Kashmir,Business,2025-05-04,77668,Converted
TE12587,35.0,69949.0,Kerala,Honeymoon,2025-09-06,41337,Converted
TE12588,33.0,247320.0,Dubai,Leisure,2025-03-02,97239,Converted
TE12589,64.0,205481.0,Jaipur,Family,2025-06-25,78134,New
TE12590,34.0,214411.0,Kerala,Honeymoon,2025-04-16,76786,Contacted
TE12591,21.0,36960.0,Paris,Honeymoon,2025-06-28,141632,Converted
TE12592,36.0,152482.0,Ladakh,Business,2025-10-06,80578,New
TE12593,43.0,140447.0,Kerala,Honeymoon,2025-11-19,131584,New
TE12594,22.0,163410.0,Goa,Honeymoon,2025-05-30,29417,Contacted
TE12595,32.0,215261.0,Kerala,Leisure,2025-10-29,179084,Closed
TE12596,25.0,99963.0,Singapore,Leisure,2025-09-13,71936,Converted
TE12597,42.0,141883.0,Kashmir,Honeymoon,2025-12-02,109751,New
TE12598,52.0,175641.0,Paris,Business,2025-09-27,115320,Closed
TE12599,64.0,192740.0,Kerala,Adventure,2025-07-20,67593,New
TE12600,36.0,196732.0,Jaipur,Honeymoon,2025-09-03,113666,New
TE12601,59.0,96169.0,Kerala,Adventure,2025-04-26,115485,Closed
TE12602,28.0,249590.0,Goa,Family,2025-09-03,60040,Converted
TE12603,55.0,20232.0,Thailand,Honeymoon,2025-09-16,60454,Closed
TE12604,45.0,132251.0,Kashmir,Honeymoon,2025-08-11,86586,Converted
TE12605,54.0,159234.0,Kerala,Leisure,2025-02-07,80958,Converted
TE12606,54.0,32222.0,Kerala,Business,2025-07-08,133760,New
TE12607,43.0,122669.0,Goa,Business,2025-09-16,109593,New
TE12608,30.0,156239.0,Kerala,Family,2025-03-14,82535,Closed
TE12609,43.0,158966.0,Paris,Adventure,2025-10-14,106213,Closed
TE12610,57.0,45613.0,Bali,Family,2025-11-03,13367,Contacted
TE12611,64.0,82382.0,Goa,Business,2025-07-16,63464,Contacted
TE12612,62.0,74785.0,Bali,Family,2025-12-17,95074,New
TE12613,26.0,166462.0,Dubai,Leisure,2025-11-09,124038,New
TE12614,46.0,94277.0,Singapore,Leisure,2025-06-19,91992,Closed
TE12615,23.0,150577.0,Singapore,Business,2025-11-18,136038,New
TE12616,50.0,187599.0,Manali,Honeymoon,2025-12-06,115378,Contacted
TE12617,65.0,202968.0,Jaipur,Honeymoon,2025-02-09,67908,Closed
TE12618,20.0,60643.0,Ladakh,Leisure,2025-12-30,80099,Contacted
TE12619,49.0,227620.0,Kerala,Leisure,2025-01-02,99295,Contacted
TE12620,63.0,56454.0,Goa,Adventure,2025-06-26,69298,New
TE12621,58.0,23075.0,Jaipur,Adventure,2025-12-08,138595,New
TE12622,36.0,28431.0,Dubai,Adventure,2025-09-21,46195,New
TE12623,22.0,64641.0,Singapore,Family,2025-04-08,96064,New
TE12624,62.0,220592.0,Kerala,Adventure,2025-08-23,110741,New
TE12625,62.0,66229.0,Goa,Leisure,2025-03-20,74029,New
TE12626,45.0,178893.0,Kerala,Family,2025-03-28,66142,New
TE12627,64.0,115091.0,Bali,Honeymoon,2025-11-28,82337,New
TE12628,18.0,27267.0,Bali,Honeymoon,2025-01-18,113420,Closed
TE12629,47.0,121040.0,Goa,Adventure,2025-12-17,67505,New
TE12630,19.0,24563.0,Dubai,Adventure,2025-06-15,47588,Contacted
TE12631,62.0,128472.0,Paris,Family,2025-01-24,125270,Closed
TE12632,50.0,147612.0,Manali,Leisure,2025-10-14,98975,New
TE12633,61.0,138957.0,Paris,Business,2025-01-18,120275,Contacted
TE12634,45.0,83548.0,Goa,Business,2025-04-29,111577,Converted
TE12635,21.0,195845.0,Goa,Leisure,2025-03-29,161296,Contacted
TE12636,19.0,156441.0,Singapore,Business,2025-10-13,124024,New
TE12637,34.0,77110.0,Dubai,Leisure,2025-05-25,59657,Converted
TE12638,53.0,118828.0,Bali,Family,2025-08-27,101459,Converted
TE12639,25.0,43173.0,Goa,Honeymoon,2025-01-27,65488,Contacted
TE12640,58.0,232209.0,Kerala,Adventure,2025-09-11,69106,New
TE12641,29.0,192708.0,Paris,Adventure,2025-09-16,35562,New
TE12642,41.0,84771.0,Ladakh,Leisure,2025-04-15,74986,Converted
TE12643,27.0,174581.0,Ladakh,Honeymoon,2025-11-17,104076,New
TE12644,40.0,175562.0,Paris,Leisure,2025-06-21,82689,New
TE12645,39.0,159445.0,Singapore,Family,2025-08-31,46522,Contacted
TE12646,18.0,30540.0,Manali,Adventure,2025-03-08,31694,Closed
TE12647,45.0,221818.0,Kerala,Business,2025-12-06,158915,New
TE12648,55.0,239760.0,Goa,Business,2025-03-31,96381,New
TE12649,62.0,244001.0,Jaipur,Business,2025-08-16,56158,Contacted
TE12650,33.0,245536.0,Manali,Honeymoon,2025-02-02,101162,Converted
TE12651,60.0,233488.0,Thailand,Family,2025-01-17,161622,Contacted
TE12652,60.0,189466.0,Jaipur,Adventure,2025-02-16,106716,Closed
TE12653,65.0,31195.0,Kerala,Leisure,2025-12-10,10000,New
TE12654,35.0,,Paris,Business,2025-03-18,177830,New
TE12655,58.0,74874.0,Dubai,Adventure,2025-11-17,20276,Contacted
TE12656,45.0,69038.0,Manali,Family,2025-07-31,77790,New
TE12657,20.0,210704.0,Kashmir,Leisure,2025-02-02,45331,Contacted
TE12658,30.0,206504.0,Ladakh,Adventure,2025-06-10,59100,Converted
TE12659,50.0,139120.0,Goa,Honeymoon,2025-06-24,94954,New
TE12660,25.0,188834.0,Bali,Family,2025-04-08,12514,Converted
TE12661,38.0,48013.0,Paris,Family,2025-08-08,81841,New
TE12662,55.0,69493.0,Goa,Adventure,2025-11-10,125157,Contacted
TE12663,25.0,217631.0,Kerala,Leisure,2025-11-18,55487,Contacted
TE12664,41.0,122682.0,Goa,Business,2025-07-11,36340,Contacted
TE12665,28.0,144818.0,Manali,Family,2025-11-22,80124,New
TE12666,43.0,125369.0,Bali,Adventure,2025-12-03,73158,Closed
TE12667,29.0,64901.0,Manali,Adventure,2025-02-02,64167,Closed
TE12668,64.0,209728.0,Thailand,Honeymoon,2025-08-20,43408,Converted
TE12669,21.0,193926.0,Singapore,Family,2025-10-09,103171,Closed
TE12670,64.0,176652.0,Ladakh,Adventure,2025-01-06,105834,New
TE12671,56.0,99941.0,Kerala,Business,2025-08-08,47702,Contacted
TE12672,59.0,167215.0,Thailand,Business,2025-11-29,52546,New
TE12673,58.0,239155.0,Paris,Leisure,2025-04-08,89777,Closed
TE12674,27.0,168760.0,Kerala,Honeymoon,2025-11-09,51226,New
TE12675,62.0,132671.0,Jaipur,Business,2025-12-06,91253,New
TE12676,46.0,80749.0,Thailand,Family,2025-08-20,136382,Converted
TE12677,64.0,139291.0,Manali,Leisure,2025-08-18,82906,New
TE12678,60.0,104237.0,Kerala,Leisure,2025-07-14,42523,Converted
TE12679,45.0,159815.0,Bali,Honeymoon,2025-05-29,98724,New
TE12680,35.0,28593.0,Paris,Business,2025-06-14,78782,Converted
TE12681,23.0,62118.0,Thailand,Leisure,2025-07-10,79745,Closed
TE12682,22.0,200571.0,Paris,Family,2025-06-25,101636,Contacted
TE12683,36.0,106327.0,Manali,Family,2025-10-28,109186,New
TE12684,56.0,118456.0,Kerala,Adventure,2025-10-07,86243,New
TE12685,42.0,144185.0,Paris,Honeymoon,2025-05-07,82876,New
TE12686,,119671.0,Goa,Business,2025-07-06,157224,New
TE12687,29.0,194004.0,Goa,Adventure,2025-03-20,127019,Contacted
TE12688,45.0,74922.0,Manali,Leisure,2025-03-06,114174,New
TE12689,48.0,193957.0,Bali,Adventure,2025-05-15,89592,New
TE12690,65.0,66587.0,Thailand,Adventure,2025-01-22,49799,New
TE12691,53.0,103978.0,Kerala,Honeymoon,2025-11-08,124459,Closed
TE12692,47.0,154375.0,Goa,Family,2025-02-15,90050,New
TE12693,61.0,223547.0,Kerala,Leisure,2025-04-29,64799,New
TE12694,38.0,71952.0,Thailand,Adventure,2025-04-02,76490,Contacted
TE12695,62.0,154274.0,Bali,Honeymoon,2025-03-17,51184,New
TE12696,35.0,32896.0,Dubai,Family,2025-05-14,122007,Closed
TE12697,24.0,35499.0,Goa,Family,2025-09-19,108906,New
TE12698,38.0,196062.0,Thailand,Adventure,2025-11-21,91357,Converted
TE12699,24.0,184799.0,Thailand,Adventure,2025-03-10,83503,Contacted
TE12700,23.0,105341.0,Goa,Leisure,2025-03-29,61177,Converted
TE12701,60.0,162531.0,Ladakh,Leisure,2025-06-20,10447,Converted
TE12702,56.0,106215.0,Goa,Leisure,2025-04-27,35548,Converted
TE12703,28.0,82321.0,Goa,Honeymoon,2025-10-19,59007,Contacted
TE12704,58.0,118066.0,Bali,Leisure,2025-03-23,53746,Contacted
TE12705,21.0,90351.0,Kerala,Family,2025-05-27,95128,Converted
TE12706,31.0,207091.0,Paris,Business,2025-07-18,113402,Contacted
TE12707,51.0,113507.0,Thailand,Honeymoon,2025-05-19,80505,Contacted
TE12708,32.0,92434.0,Ladakh,Family,2025-08-13,134312,New
TE12709,53.0,142388.0,Goa,Leisure,2025-10-19,57599,New
TE12710,59.0,193865.0,Kerala,Family,2025-07-13,80256,Contacted
TE12711,21.0,81490.0,Bali,Business,2025-06-16,83215,New
TE12712,19.0,235975.0,Kerala,Adventure,2025-12-13,123227,Contacted
TE12713,63.0,125540.0,London,Business,2025-12-24,88706,New
TE12714,42.0,171322.0,Singapore,Honeymoon,2025-12-29,89675,Contacted
TE12715,42.0,240081.0,Goa,Adventure,2025-01-06,27080,Converted
TE12716,40.0,118150.0,Manali,Leisure,2025-11-01,53503,Contacted
TE12717,38.0,64358.0,Ladakh,Leisure,2025-11-24,123358,Converted
TE12718,51.0,191487.0,London,Adventure,2025-10-21,12363,New
TE12719,45.0,19535.0,Goa,Adventure,2025-09-30,132005,New
TE12720,25.0,124232.0,Goa,Honeymoon,2025-05-14,102488,Converted
TE12721,48.0,245358.0,Bali,Family,2025-09-22,58837,Converted
TE12722,50.0,114147.0,Goa,Family,2025-07-31,55878,Converted
TE12723,23.0,176710.0,Goa,Honeymoon,2025-10-30,151358,Converted
TE12724,36.0,139866.0,Thailand,Honeymoon,2025-05-08,134399,Converted
TE12725,55.0,67805.0,Ladakh,Honeymoon,2025-09-28,80820,Converted
TE12726,47.0,91711.0,Thailand,Business,2025-10-13,89711,Converted
TE12727,24.0,139459.0,Singapore,Adventure,2025-10-31,62384,Converted
TE12728,19.0,42186.0,Dubai,Business,2025-03-04,89717,New
TE12729,45.0,114255.0,Thailand,Family,2025-11-11,61413,New
TE12730,40.0,114246.0,Dubai,Leisure,2025-03-20,82251,Contacted
TE12731,64.0,211700.0,Dubai,Leisure,2025-12-08,148362,Contacted
TE12732,43.0,46734.0,Thailand,Leisure,2025-01-15,81654,Converted
TE12733,62.0,213505.0,Singapore,Business,2025-03-23,48319,New
TE12734,28.0,113222.0,Thailand,Leisure,2025-08-10,37177,New
TE12735,39.0,169114.0,Manali,Business,2025-07-17,89449,Converted
TE12736,24.0,147209.0,Kashmir,Honeymoon,2025-09-08,58369,New
TE12737,45.0,87550.0,Kerala,Family,2025-05-27,93631,Converted
TE12738,27.0,233925.0,Singapore,Business,2025-01-02,28317,New
TE12739,41.0,70075.0,Kashmir,Business,2025-07-05,109159,Contacted
TE12740,34.0,26403.0,Paris,Business,2025-07-05,47894,Contacted
TE12741,26.0,192029.0,Bali,Family,2025-05-18,86620,New
TE12742,22.0,162178.0,Singapore,Adventure,2025-11-21,73159,New
TE12743,42.0,224605.0,Ladakh,Leisure,2025-10-16,145144,New
TE12744,63.0,124195.0,Thailand,Business,2025-03-07,91002,New
TE12745,27.0,21907.0,Singapore,Business,2025-01-15,153092,New
TE12746,37.0,22700.0,Goa,Family,2025-03-08,104626,Converted
TE12747,28.0,118516.0,Manali,Leisure,2025-01-18,134889,New
TE12748,56.0,75895.0,Kashmir,Business,2025-09-16,77692,Contacted
TE12749,37.0,231946.0,Kashmir,Adventure,2025-08-14,97093,New
TE12750,64.0,45488.0,Kashmir,Family,2025-06-18,127653,Closed
TE12751,29.0,222349.0,Goa,Honeymoon,2025-08-04,116674,Converted
TE12752,21.0,68296.0,Paris,Leisure,2025-10-22,103585,Closed
TE12753,45.0,45701.0,Bali,Leisure,2025-10-30,73522,Closed
TE12754,49.0,81700.0,Bali,Leisure,2025-06-08,79443,New
TE12755,65.0,51440.0,Goa,Business,2025-08-04,124818,Converted
TE12756,59.0,111103.0,Kerala,Business,2025-07-29,132107,New
TE12757,60.0,94666.0,Manali,Family,2025-12-12,64250,Closed
TE12758,48.0,140737.0,Jaipur,Family,2025-10-05,58968,Contacted
TE12759,35.0,142600.0,Manali,Family,2025-04-25,53355,Contacted
TE12760,38.0,18229.0,Goa,Adventure,2025-11-19,114040,Closed
TE12761,24.0,46970.0,Goa,Family,2025-05-25,52468,Converted
TE12762,38.0,55553.0,Kashmir,Adventure,2025-10-03,113616,Closed
TE12763,35.0,63176.0,Bali,Honeymoon,2025-12-22,104099,New
TE12764,19.0,39707.0,Kashmir,Adventure,2025-10-22,65922,New
TE12765,27.0,90995.0,Jaipur,Honeymoon,2025-02-09,139735,New
TE12766,43.0,145524.0,Paris,Business,2025-03-16,33821,Contacted
TE12767,35.0,89663.0,Dubai,Adventure,2025-10-17,143084,Contacted
TE12768,65.0,94345.0,Kerala,Leisure,2025-02-14,96161,New
TE12769,40.0,126937.0,Dubai,Family,2025-01-05,12429,Converted
TE12770,64.0,145228.0,Bali,Leisure,2025-04-04,140716,New
TE12771,49.0,94784.0,Ladakh,Adventure,2025-06-27,119027,Converted
TE12772,19.0,69463.0,Thailand,Honeymoon,2025-02-16,70013,Closed
TE12773,27.0,112976.0,Manali,Family,2025-02-25,51235,Contacted
TE12774,51.0,23621.0,Kerala,Family,2025-05-04,30083,Contacted
TE12775,44.0,132276.0,Manali,Honeymoon,2025-08-06,169541,New
TE12776,32.0,236398.0,Goa,Leisure,2025-07-18,52682,New
TE12777,43.0,110321.0,Bali,Family,2025-10-18,40774,Converted
TE12778,61.0,43127.0,Kerala,Leisure,2025-12-23,94377,Contacted
TE12779,36.0,182043.0,Bali,Family,2025-01-13,27674,New
TE12780,20.0,47431.0,Goa,Adventure,2025-09-08,50646,Closed
TE12781,32.0,62924.0,London,Business,2025-03-01,119824,Converted
TE12782,62.0,51999.0,London,Adventure,2025-05-12,101247,Converted
TE12783,54.0,223011.0,Jaipur,Adventure,2025-05-05,71477,Contacted
TE12784,58.0,245657.0,Thailand,Leisure,2025-09-13,85641,Closed
TE12785,61.0,150156.0,Manali,Leisure,2025-04-04,69514,New
TE12786,23.0,161297.0,Bali,Adventure,2025-11-22,82830,New
TE12787,31.0,167746.0,Thailand,Adventure,2025-05-20,58337,Closed
TE12788,20.0,159587.0,Ladakh,Honeymoon,2025-10-24,64692,Closed
TE12789,18.0,144232.0,Ladakh,Business,2025-12-13,63626,Contacted
TE12790,58.0,246914.0,Jaipur,Business,2025-07-05,59595,New
TE12791,62.0,188087.0,Ladakh,Business,2025-02-06,121537,New
TE12792,25.0,38517.0,Bali,Business,2025-09-13,111954,Converted
TE12793,52.0,108930.0,Goa,Family,2025-06-04,52367,Converted
TE12794,43.0,244085.0,Goa,Adventure,2025-05-04,43196,New
TE12795,21.0,111649.0,Bali,Honeymoon,2025-06-16,79495,New
TE12796,61.0,65331.0,Singapore,Adventure,2025-04-20,160435,Converted
TE12797,59.0,,Jaipur,Honeymoon,2025-04-13,49030,Converted
TE12798,45.0,162553.0,Thailand,Business,2025-12-27,79357,Contacted
TE12799,51.0,148516.0,Singapore,Leisure,2025-04-12,88105,Contacted
TE12800,37.0,115459.0,Paris,Honeymoon,2025-06-16,81198,Closed
TE12801,56.0,46854.0,Paris,Business,2025-09-18,68963,New
TE12802,39.0,107077.0,Kerala,Family,2025-03-22,125428,Contacted
TE12803,65.0,119495.0,Bali,Adventure,2025-08-13,100906,Contacted
TE12804,21.0,234049.0,Kerala,Adventure,2025-11-22,114603,Contacted
TE12805,26.0,89287.0,Jaipur,Leisure,2025-10-23,105628,Closed
TE12806,64.0,52620.0,Bali,Adventure,2025-01-11,116288,Contacted
TE12807,31.0,117186.0,Bali,Honeymoon,2025-05-28,140454,Contacted
TE12808,32.0,249321.0,Ladakh,Family,2025-01-01,131587,New
TE12809,55.0,129871.0,Goa,Adventure,2025-08-09,166368,Converted
TE12810,27.0,105957.0,Bali,Family,2025-04-29,127607,New
TE12811,42.0,172717.0,Jaipur,Business,2025-11-22,61569,New
TE12812,31.0,168516.0,Goa,Leisure,2025-03-05,114656,Contacted
TE12813,27.0,87434.0,Singapore,Leisure,2025-11-06,109865,Contacted
TE12814,64.0,242555.0,Bali,Business,2025-05-05,152210,Closed
TE12815,27.0,155563.0,Kerala,Honeymoon,2025-12-01,51149,Converted
TE12816,22.0,31363.0,Ladakh,Family,2025-03-14,104528,Converted
TE12817,50.0,112556.0,Dubai,Business,2025-04-08,61163,New
TE12818,59.0,232105.0,Manali,Family,2025-05-08,102939,Contacted
TE12819,24.0,109259.0,Dubai,Family,2025-12-25,77484,Closed
TE12820,51.0,149732.0,Paris,Adventure,2025-09-25,101781,Contacted
TE12821,43.0,160130.0,Bali,Business,2025-10-25,35638,Converted
TE12822,57.0,181420.0,Thailand,Honeymoon,2025-07-21,112763,Contacted
TE12823,24.0,220378.0,Bali,Adventure,2025-10-17,92212,New
TE12824,64.0,52610.0,Manali,Honeymoon,2025-08-17,90327,Contacted
TE12825,47.0,137885.0,Paris,Honeymoon,2025-08-31,153258,New
TE12826,58.0,141746.0,Manali,Leisure,2025-11-01,71613,New
TE12827,35.0,53355.0,Singapore,Leisure,2025-12-24,96979,New
TE12828,63.0,174255.0,Manali,Family,2025-07-29,88509,New
TE12829,48.0,45411.0,Kerala,Honeymoon,2025-06-10,91931,Contacted
TE12830,24.0,123849.0,Ladakh,Honeymoon,2025-08-26,162763,Closed
TE12831,62.0,94618.0,Singapore,Adventure,2025-09-27,87233,Contacted
TE12832,56.0,53956.0,Dubai,Business,2025-12-26,65145,Converted
TE12833,32.0,208779.0,Dubai,Family,2025-09-12,150482,Contacted
TE12834,44.0,74635.0,Singapore,Adventure,2025-12-14,74231,New
TE12835,36.0,77215.0,Kerala,Leisure,2025-09-24,28819,New
TE12836,44.0,216219.0,Goa,Business,2025-12-13,59070,Closed
TE12837,64.0,221550.0,Thailand,Honeymoon,2025-10-01,41369,Contacted
TE12838,61.0,25997.0,Jaipur,Family,2025-11-19,22001,Closed
TE12839,28.0,82467.0,Jaipur,Adventure,2025-03-11,72294,New
TE12840,64.0,182456.0,Manali,Leisure,2025-12-28,82542,Converted
TE12841,39.0,198529.0,Paris,Leisure,2025-05-08,126318,Converted
TE12842,51.0,249859.0,Dubai,Leisure,2025-10-18,107029,Closed
TE12843,54.0,146681.0,Dubai,Family,2025-05-23,105434,New
TE12844,41.0,,Kerala,Leisure,2025-06-16,53738,Closed
TE12845,39.0,220683.0,Jaipur,Leisure,2025-09-30,115973,Contacted
TE12846,39.0,,Thailand,Adventure,2025-07-16,133693,Converted
TE12847,59.0,46024.0,Kashmir,Honeymoon,2025-09-18,98810,Contacted
TE12848,36.0,174402.0,Manali,Family,2025-01-29,99788,Contacted
TE12849,31.0,158086.0,Goa,Leisure,2025-10-31,40736,Contacted
TE12850,35.0,31917.0,Ladakh,Honeymoon,2025-05-29,121905,Converted
TE12851,27.0,57273.0,London,Family,2025-10-15,147329,New
TE12852,36.0,154831.0,Thailand,Leisure,2025-04-14,96303,Contacted
TE12853,23.0,77241.0,Goa,Honeymoon,2025-08-05,64197,Contacted
TE12854,22.0,176688.0,Manali,Business,2025-08-03,79330,Converted
TE12855,52.0,113529.0,Goa,Family,2025-02-20,70285,Contacted
TE12856,21.0,154450.0,Ladakh,Leisure,2025-06-22,72384,Converted
TE12857,45.0,128190.0,Kerala,Adventure,2025-08-20,107679,Contacted
TE12858,55.0,102723.0,Jaipur,Family,2025-11-01,94781,Converted
TE12859,52.0,97438.0,Kerala,Business,2025-11-19,120138,Converted
TE12860,39.0,179770.0,Manali,Business,2025-05-20,97982,Converted
TE12861,27.0,137337.0,Kerala,Business,2025-08-23,54757,Converted
TE12862,62.0,155876.0,Goa,Business,2025-03-05,67476,Contacted
TE12863,58.0,151936.0,Singapore,Family,2025-11-23,65301,New
TE12864,47.0,66172.0,Bali,Honeymoon,2025-11-12,78474,Converted
TE12865,22.0,229870.0,Singapore,Honeymoon,2025-12-30,147815,New
TE12866,19.0,148648.0,Dubai,Honeymoon,2025-06-26,153421,New
TE12867,33.0,184591.0,Ladakh,Honeymoon,2025-05-11,114281,Converted
TE12868,25.0,222603.0,Bali,Leisure,2025-10-03,89157,Contacted
TE12869,59.0,232533.0,Goa,Business,2025-09-21,37342,Contacted
TE12870,27.0,172705.0,Manali,Leisure,2025-03-19,92700,Closed
TE12871,31.0,200611.0,Singapore,Family,2025-07-16,57350,New
TE12872,64.0,127456.0,Dubai,Family,2025-08-23,142068,New
TE12873,57.0,189168.0,Goa,Business,2025-06-15,28786,New
TE12874,28.0,92607.0,Manali,Leisure,2025-05-16,98457,New
TE12875,36.0,183134.0,Manali,Family,2025-03-29,54402,Converted
TE12876,42.0,37925.0,Jaipur,Adventure,2025-05-30,84667,Converted
TE12877,49.0,230113.0,Kerala,Leisure,2025-03-31,108312,Contacted
TE12878,62.0,74753.0,Manali,Adventure,2025-04-20,120769,New
TE12879,59.0,170323.0,Bali,Family,2025-03-09,82876,Contacted
TE12880,64.0,20595.0,Dubai,Business,2025-05-17,111643,New
TE12881,19.0,54126.0,Dubai,Adventure,2025-08-18,61814,Converted
TE12882,29.0,246898.0,Manali,Business,2025-05-18,93594,Contacted
TE12883,45.0,211341.0,Ladakh,Honeymoon,2025-02-21,120077,New
TE12884,20.0,69616.0,Kashmir,Business,2025-10-19,96623,Converted
TE12885,35.0,48356.0,Jaipur,Business,2025-06-07,66473,Converted
TE12886,25.0,207052.0,Goa,Honeymoon,2025-08-01,75234,New
TE12887,62.0,247720.0,Dubai,Honeymoon,2025-07-10,120548,Contacted
TE12888,21.0,57125.0,Manali,Leisure,2025-07-04,46785,Contacted
TE12889,25.0,172035.0,Thailand,Honeymoon,2025-06-09,51949,New
TE12890,27.0,83795.0,Goa,Leisure,2025-10-03,106056,New
TE12891,25.0,190698.0,Kashmir,Honeymoon,2025-11-08,69630,Converted
TE12892,45.0,115040.0,Kerala,Honeymoon,2025-11-26,34143,Closed
TE12893,35.0,47082.0,Jaipur,Honeymoon,2025-06-11,132279,Contacted
TE12894,61.0,93262.0,Thailand,Honeymoon,2025-05-05,46514,Contacted
TE12895,30.0,142961.0,Goa,Adventure,2025-01-31,78020,Contacted
TE12896,43.0,203218.0,Bali,Adventure,2025-06-11,63317,Contacted
TE12897,49.0,22878.0,Goa,Family,2025-12-28,74581,New
TE12898,,240185.0,Thailand,Family,2025-04-05,54038,Contacted
TE12899,56.0,168708.0,Kerala,Adventure,2025-11-04,110000,Closed
TE12900,27.0,221069.0,Goa,Family,2025-10-03,88879,Converted
TE12901,42.0,233773.0,Ladakh,Family,2025-08-29,119428,Closed
TE12902,56.0,53630.0,Goa,Adventure,2025-07-25,63679,New
TE12903,59.0,39745.0,Goa,Honeymoon,2025-10-03,159656,Contacted
TE12904,47.0,198192.0,Ladakh,Adventure,2025-02-05,18337,Contacted
TE12905,49.0,61589.0,Jaipur,Adventure,2025-02-16,29520,New
TE12906,59.0,52323.0,Thailand,Family,2025-03-13,146358,New
TE12907,47.0,126696.0,Singapore,Leisure,2025-10-06,101591,Converted
TE12908,63.0,229905.0,Singapore,Honeymoon,2025-06-07,96949,Converted
TE12909,24.0,202581.0,Dubai,Honeymoon,2025-03-17,100095,Contacted
TE12910,34.0,138148.0,Goa,Business,2025-01-17,104992,New
TE12911,23.0,63577.0,Kashmir,Adventure,2025-06-27,95492,Contacted
TE12912,22.0,96040.0,Goa,Family,2025-05-26,51193,New
TE12913,40.0,177731.0,Kerala,Family,2025-03-06,113637,New
TE12914,28.0,54430.0,Dubai,Honeymoon,2025-01-09,108124,Contacted
TE12915,37.0,139662.0,Dubai,Honeymoon,2025-10-02,134995,New
TE12916,39.0,20739.0,Kerala,Business,2025-10-11,146748,Closed
TE12917,47.0,93420.0,Ladakh,Business,2025-03-31,96567,Contacted
TE12918,63.0,75523.0,Bali,Leisure,2025-06-29,42036,New
TE12919,58.0,176012.0,Thailand,Adventure,2025-04-03,147038,New
TE12920,36.0,230053.0,Dubai,Honeymoon,2025-05-29,49365,Converted
TE12921,33.0,51983.0,Jaipur,Family,2025-02-09,96829,New
TE12922,54.0,202965.0,Goa,Family,2025-12-11,76014,New
TE12923,23.0,170174.0,Bali,Leisure,2025-09-20,69928,Contacted
TE12924,43.0,242993.0,Dubai,Family,2025-11-24,111751,New
TE12925,38.0,229471.0,Kerala,Honeymoon,2025-04-18,93556,Contacted
TE12926,26.0,41376.0,Manali,Leisure,2025-11-14,102963,Contacted
TE12927,47.0,190428.0,Ladakh,Family,2025-07-08,56451,New
TE12928,33.0,155386.0,Ladakh,Business,2025-03-14,78907,Converted
TE12929,26.0,44235.0,Thailand,Family,2025-05-01,58066,Contacted
TE12930,49.0,77659.0,Goa,Business,2025-10-23,78032,Contacted
TE12931,26.0,233052.0,London,Adventure,2025-10-09,80843,New
TE12932,50.0,143963.0,Manali,Leisure,2025-09-20,149551,Contacted
TE12933,25.0,96523.0,Dubai,Honeymoon,2025-03-24,75921,New
TE12934,38.0,92345.0,Manali,Adventure,2025-08-24,10604,Contacted
TE12935,56.0,212385.0,Dubai,Leisure,2025-12-09,133828,New
TE12936,28.0,83764.0,Kerala,Leisure,2025-01-18,100724,Closed
TE12937,54.0,54862.0,Manali,Business,2025-04-27,80415,New
TE12938,52.0,151132.0,Paris,Honeymoon,2025-01-30,69697,Closed
TE12939,61.0,248263.0,Singapore,Adventure,2025-02-07,51858,Closed
TE12940,26.0,60529.0,Ladakh,Family,2025-12-30,152832,Contacted
TE12941,52.0,77234.0,Bali,Adventure,2025-03-29,86815,New
TE12942,62.0,126839.0,Kerala,Leisure,2025-03-07,24179,Contacted
TE12943,54.0,64356.0,Manali,Business,2025-01-27,96471,Closed
TE12944,27.0,168989.0,Ladakh,Business,2025-12-24,127216,Contacted
TE12945,57.0,76840.0,Goa,Adventure,2025-06-20,90475,Contacted
TE12946,23.0,47738.0,Dubai,Adventure,2025-10-16,53444,New
TE12947,46.0,78614.0,Goa,Business,2025-04-02,50312,Converted
TE12948,41.0,233898.0,Singapore,Family,2025-08-22,52894,New
TE12949,43.0,234896.0,Paris,Adventure,2025-11-19,138258,New
TE12950,42.0,135328.0,Singapore,Adventure,2025-09-02,82492,New
TE12951,19.0,110906.0,Dubai,Family,2025-07-08,26245,Contacted
TE12952,42.0,208131.0,Jaipur,Family,2025-03-18,98445,Closed
TE12953,62.0,63069.0,Jaipur,Leisure,2025-03-26,89936,Converted
TE12954,38.0,169706.0,Goa,Family,2025-08-06,69289,New
TE12955,31.0,175772.0,Jaipur,Family,2025-06-14,49286,Contacted
TE12956,65.0,182720.0,Singapore,Adventure,2025-01-17,47764,Converted
TE12957,22.0,68563.0,Kerala,Adventure,2025-03-13,123032,Contacted
TE12958,41.0,184143.0,Goa,Family,2025-06-07,93663,New
TE12959,42.0,159982.0,Singapore,Adventure,2025-03-07,101753,Contacted
TE12960,40.0,221024.0,Dubai,Business,2025-07-21,93567,Contacted
TE12961,62.0,58459.0,Goa,Family,2025-04-20,96469,Closed
TE12962,38.0,160357.0,Manali,Family,2025-04-17,68606,Converted
TE12963,64.0,210477.0,Jaipur,Adventure,2025-02-09,77796,New
TE12964,21.0,82546.0,Dubai,Business,2025-07-03,125772,Converted
TE12965,53.0,190557.0,Bali,Leisure,2025-03-10,134511,New
TE12966,46.0,41086.0,Manali,Family,2025-08-18,42227,Closed
TE12967,29.0,184599.0,Bali,Leisure,2025-12-08,77711,Contacted
TE12968,28.0,158650.0,Dubai,Honeymoon,2025-11-29,114375,New
TE12969,52.0,62672.0,Singapore,Adventure,2025-08-31,150873,Contacted
TE12970,48.0,33393.0,Ladakh,Adventure,2025-10-21,147369,New
TE12971,47.0,190954.0,Paris,Leisure,2025-12-02,57148,New
TE12972,20.0,73980.0,Goa,Honeymoon,2025-09-06,129627,Contacted
TE12973,46.0,133407.0,Kerala,Adventure,2025-04-04,87052,Converted
TE12974,65.0,32084.0,London,Adventure,2025-07-02,121555,Converted
TE12975,18.0,241531.0,Kashmir,Business,2025-11-08,112590,Contacted
TE12976,40.0,145342.0,Manali,Leisure,2025-09-01,40761,New
TE12977,41.0,234127.0,Bali,Family,2025-05-12,104249,Contacted
TE12978,61.0,55198.0,Dubai,Leisure,2025-03-03,120199,Contacted
TE12979,31.0,65744.0,Manali,Leisure,2025-02-22,84295,New
TE12980,40.0,159615.0,Singapore,Leisure,2025-05-18,76379,Closed
TE12981,52.0,158243.0,Jaipur,Leisure,2025-10-20,29992,Closed
TE12982,20.0,201481.0,Kerala,Business,2025-07-21,108927,New
TE12983,56.0,233310.0,Ladakh,Family,2025-01-22,92306,Converted
TE12984,57.0,208677.0,Dubai,Business,2025-12-01,52724,Contacted
TE12985,52.0,50531.0,Singapore,Adventure,2025-05-28,73596,New
TE12986,49.0,89814.0,Paris,Honeymoon,2025-05-23,90408,Contacted
TE12987,53.0,230007.0,Goa,Leisure,2025-10-26,65448,New
TE12988,55.0,145358.0,Paris,Leisure,2025-05-18,85094,New
TE12989,61.0,219148.0,Kashmir,Leisure,2025-08-13,23752,Closed
TE12990,38.0,148619.0,Jaipur,Business,2025-12-02,132230,Contacted
TE12991,39.0,29539.0,Goa,Honeymoon,2025-07-08,85557,New
TE12992,48.0,127710.0,Singapore,Honeymoon,2025-08-12,46523,Contacted
TE12993,27.0,209321.0,Kashmir,Business,2025-05-09,10000,Closed
TE12994,59.0,169987.0,Thailand,Adventure,2025-11-21,121020,Contacted
TE12995,54.0,48804.0,Kerala,Honeymoon,2025-01-28,104533,Closed
TE12996,48.0,66740.0,Paris,Family,2025-04-11,92374,Closed
TE12997,32.0,216215.0,Kerala,Family,2025-12-27,115228,New
TE12998,34.0,245185.0,Ladakh,Honeymoon,2025-06-26,115131,Converted
TE12999,38.0,192671.0,Thailand,Family,2025-03-05,91805,Converted
TE13000,49.0,40754.0,Ladakh,Leisure,2025-05-31,76103,Converted
